WWR-EW,WWR-NS,ShadeType,SHGC,VLT,U-value,ExWall,Ventilation,EUI (kWh/m2),ELECp (W/m2),Daylight Autonomy,Excessive Daylight,EUI Saved(-)Wasted(+),REF_ELECp,REF_DA,REF_ExcDA,OT26% - L5-Student-Com-NE,OT26% - L5-Studio-SW,OT26% - L5-Studio-SE,OT26% - L5-Studio-NW,img
25,25,0,0.25,0.33,2.5,1,0,15.14,14.46,13.68,0.91,-18.51,-26.45,-50.51,-38.93,1.12,8.4,7.95,8.62,option_2.png
35,25,0,0.25,0.33,2.5,1,0,15.94,15.4,21.75,1.26,-14.21,-21.67,-21.31,-15.44,2.19,8.92,8.52,9.14,option_3.png
45,25,0,0.25,0.33,2.5,1,0,16.72,16.56,30.03,1.63,-10.01,-15.77,8.65,9.40,2.98,9.27,8.85,9.54,option_4.png
25,35,0,0.25,0.33,2.5,1,0,15.25,14.57,15.09,0.93,-17.92,-25.89,-45.41,-37.58,1.23,8.37,7.77,8.71,option_5.png
35,35,0,0.25,0.33,2.5,1,0,16.04,15.52,23.01,1.29,-13.67,-21.06,-16.75,-13.42,2.29,8.9,8.49,9.22,option_6.png
45,35,0,0.25,0.33,2.5,1,0,16.82,16.76,31,1.66,-9.47,-14.75,12.16,11.41,3.05,9.14,8.77,9.59,option_7.png
25,45,0,0.25,0.33,2.5,1,0,15.35,14.71,16.23,0.96,-17.38,-25.18,-41.28,-35.57,1.32,8.38,7.75,8.78,option_8.png
35,45,0,0.25,0.33,2.5,1,0,16.13,15.59,23.98,1.32,-13.19,-20.70,-13.24,-11.41,2.33,8.85,8.36,9.2,option_9.png
45,45,0,0.25,0.33,2.5,1,0,16.92,16.88,31.88,1.7,-8.93,-14.14,15.34,14.09,3.14,9.08,8.74,9.58,option_10.png
25,25,1,0.25,0.33,2.5,1,0,14.74,13.47,8,0.39,-20.67,-31.49,-71.06,-73.83,0.74,6.72,6.75,7.16,option_11.png
35,25,1,0.25,0.33,2.5,1,0,15.5,14.34,13.17,0.46,-16.58,-27.06,-52.35,-69.13,1.24,6.66,6.89,7.02,option_12.png
45,25,1,0.25,0.33,2.5,1,0,16.11,15.08,20.49,0.56,-13.29,-23.30,-25.87,-62.42,1.84,6.66,6.93,7.1,option_13.png
25,35,1,0.25,0.33,2.5,1,0,14.85,13.58,9.48,0.41,-20.08,-30.93,-65.70,-72.48,0.88,6.62,6.76,7.1,option_14.png
35,35,1,0.25,0.33,2.5,1,0,15.6,14.45,14.72,0.49,-16.04,-26.50,-46.74,-67.11,1.35,6.59,6.87,6.95,option_15.png
45,35,1,0.25,0.33,2.5,1,0,16.2,15.17,21.82,0.58,-12.81,-22.84,-21.06,-61.07,1.93,6.54,6.8,7.05,option_16.png
25,45,1,0.25,0.33,2.5,1,0,14.96,13.71,10.69,0.44,-19.48,-30.26,-61.32,-70.47,0.92,6.53,6.68,7.1,option_17.png
35,45,1,0.25,0.33,2.5,1,0,15.7,14.67,15.9,0.52,-15.50,-25.38,-42.47,-65.10,1.45,6.48,6.72,6.91,option_18.png
45,45,1,0.25,0.33,2.5,1,0,16.29,15.24,22.87,0.61,-12.33,-22.48,-17.26,-59.06,2,6.45,6.77,7.07,option_19.png
25,25,2,0.25,0.33,2.5,1,0,14.28,11.37,7.11,0.07,-23.14,-42.17,-74.28,-95.30,0.09,4.76,4.63,4.47,option_20.png
35,25,2,0.25,0.33,2.5,1,0,14.87,11.6,10.4,0.08,-19.97,-41.00,-62.37,-94.63,0.23,4.61,4.47,4.22,option_21.png
45,25,2,0.25,0.33,2.5,1,0,15.5,11.99,13.68,0.1,-16.58,-39.01,-50.51,-93.29,0.34,4.46,4.32,4.11,option_22.png
25,35,2,0.25,0.33,2.5,1,0,14.41,11.43,7.61,0.07,-22.44,-41.86,-72.47,-95.30,0.14,4.68,4.58,4.36,option_23.png
35,35,2,0.25,0.33,2.5,1,0,15,11.66,10.85,0.09,-19.27,-40.69,-60.75,-93.96,0.29,4.59,4.45,4.22,option_24.png
45,35,2,0.25,0.33,2.5,1,0,15.63,12.11,14.24,0.11,-15.88,-38.40,-48.48,-92.62,0.38,4.46,4.29,4.05,option_25.png
25,45,2,0.25,0.33,2.5,1,0,14.53,11.49,8.1,0.07,-21.80,-41.56,-70.69,-95.30,0.16,4.7,4.59,4.3,option_26.png
35,45,2,0.25,0.33,2.5,1,0,15.14,11.8,11.39,0.09,-18.51,-39.98,-58.79,-93.96,0.32,4.49,4.41,4.16,option_27.png
45,45,2,0.25,0.33,2.5,1,0,15.75,12.2,14.68,0.11,-15.23,-37.95,-46.89,-92.62,0.39,4.41,4.33,4.03,option_28.png
25,25,0,0.35,0.43,2.5,1,0,15.46,15.46,20.88,1.27,-16.79,-21.36,-24.46,-14.77,2.73,10.1,9.89,10.82,option_29.png
35,25,0,0.35,0.43,2.5,1,0,16.4,16.95,31.47,1.76,-11.73,-13.78,13.86,18.12,4.13,10.88,10.49,11.97,option_30.png
45,25,0,0.35,0.43,2.5,1,0,17.35,18.97,40.04,2.27,-6.62,-3.51,44.86,52.35,6.02,12.32,11.56,13.5,option_31.png
25,35,0,0.35,0.43,2.5,1,0,15.57,15.62,22.19,1.3,-16.20,-20.55,-19.72,-12.75,2.9,10.07,9.87,11.08,option_32.png
35,35,0,0.35,0.43,2.5,1,0,16.51,17.08,32.54,1.8,-11.14,-13.12,17.73,20.81,4.37,10.87,10.54,12.21,option_33.png
45,35,0,0.35,0.43,2.5,1,0,17.49,19.17,41.02,2.31,-5.87,-2.49,48.41,55.03,6.3,12.18,11.56,13.72,option_34.png
25,45,0,0.35,0.43,2.5,1,0,15.69,15.75,23.39,1.35,-15.55,-19.89,-15.38,-9.40,3.16,10.06,9.86,11.26,option_35.png
35,45,0,0.35,0.43,2.5,1,0,16.62,17.25,33.41,1.85,-10.55,-12.26,20.88,24.16,4.65,10.82,10.55,12.55,option_36.png
45,45,0,0.35,0.43,2.5,1,0,17.54,19.79,41.71,2.36,-5.60,0.66,50.90,58.39,6.69,12.03,11.51,14.06,option_37.png
25,25,1,0.35,0.43,2.5,1,0,15.01,14.47,13.49,0.61,-19.21,-26.40,-51.19,-59.06,1.75,8.53,8.57,8.77,option_38.png
35,25,1,0.35,0.43,2.5,1,0,15.7,15.26,22.86,0.74,-15.50,-22.38,-17.29,-50.34,2.64,8.93,9.08,9.12,option_39.png
45,25,1,0.35,0.43,2.5,1,0,16.4,16.39,31.62,0.88,-11.73,-16.63,14.40,-40.94,3.53,9.03,9.26,9.36,option_40.png
25,35,1,0.35,0.43,2.5,1,0,15.09,14.76,15.26,0.65,-18.78,-24.92,-44.79,-56.38,1.88,8.63,8.6,9.01,option_41.png
35,35,1,0.35,0.43,2.5,1,0,15.77,15.77,24.33,0.78,-15.12,-19.79,-11.98,-47.65,2.82,8.85,9.01,9.29,option_42.png
45,35,1,0.35,0.43,2.5,1,0,16.5,16.52,32.66,0.92,-11.19,-15.97,18.16,-38.26,3.78,9.02,9.24,9.5,option_43.png
25,45,1,0.35,0.43,2.5,1,0,15.2,14.91,16.53,0.69,-18.19,-24.16,-40.20,-53.69,2.01,8.64,8.58,9.34,option_44.png
35,45,1,0.35,0.43,2.5,1,0,15.9,15.46,25.49,0.82,-14.42,-21.36,-7.78,-44.97,3.11,8.95,9.03,9.5,option_45.png
45,45,1,0.35,0.43,2.5,1,0,16.61,16.64,33.78,0.96,-10.60,-15.36,22.21,-35.57,3.96,9.04,9.17,9.66,option_46.png
25,25,2,0.35,0.43,2.5,1,0,14.35,11.52,10.03,0.1,-22.77,-41.40,-63.71,-93.29,0.19,5.49,5.35,4.99,option_47.png
35,25,2,0.35,0.43,2.5,1,0,15.02,11.98,14.39,0.13,-19.16,-39.06,-47.94,-91.28,0.38,5.1,5.02,4.69,option_48.png
45,25,2,0.35,0.43,2.5,1,0,15.64,12.38,18.63,0.17,-15.82,-37.03,-32.60,-88.59,0.42,5.05,4.94,4.55,option_49.png
25,35,2,0.35,0.43,2.5,1,0,14.49,11.6,10.71,0.1,-22.01,-41.00,-61.25,-93.29,0.27,5.39,5.31,4.91,option_50.png
35,35,2,0.35,0.43,2.5,1,0,15.16,12.09,15.07,0.13,-18.41,-38.50,-45.48,-91.28,0.39,5.08,4.99,4.62,option_51.png
45,35,2,0.35,0.43,2.5,1,0,15.75,12.41,19.32,0.17,-15.23,-36.88,-30.10,-88.59,0.43,5.1,4.99,4.54,option_52.png
25,45,2,0.35,0.43,2.5,1,0,14.62,11.75,11.33,0.1,-21.31,-40.23,-59.01,-93.29,0.32,5.32,5.25,4.87,option_53.png
35,45,2,0.35,0.43,2.5,1,0,15.28,12.16,15.69,0.13,-17.76,-38.15,-43.23,-91.28,0.4,5.07,5.02,4.63,option_54.png
45,45,2,0.35,0.43,2.5,1,0,15.89,12.55,19.93,0.17,-14.48,-36.16,-27.89,-88.59,0.47,5.02,4.95,4.54,option_55.png
25,25,0,0.45,0.53,2.5,1,0,15.84,16.55,28.27,1.52,-14.75,-15.82,2.28,2.01,4.37,12.28,11.2,13.17,option_56.png
35,25,0,0.45,0.53,2.5,1,0,16.97,18.82,39.39,2.11,-8.67,-4.27,42.51,41.61,7,14.06,12.98,15.02,option_57.png
45,25,0,0.45,0.53,2.5,1,0,18.17,21.89,48.39,2.73,-2.21,11.34,75.07,83.22,11.07,16.42,15.37,17.89,option_58.png
25,35,0,0.45,0.53,2.5,1,0,15.96,16.76,29.64,1.57,-14.10,-14.75,7.24,5.37,4.6,12.34,11.24,13.47,option_59.png
35,35,0,0.45,0.53,2.5,1,0,17.13,18.83,40.45,2.16,-7.80,-4.22,46.35,44.97,7.59,14.21,13.17,15.56,option_60.png
45,35,0,0.45,0.53,2.5,1,0,18.3,22.21,49.21,2.78,-1.51,12.97,78.04,86.58,11.76,16.67,15.56,18.61,option_61.png
25,45,0,0.45,0.53,2.5,1,0,16.1,16.8,30.62,1.62,-13.35,-14.55,10.78,8.72,5.08,12.42,11.27,13.92,option_62.png
35,45,0,0.45,0.53,2.5,1,0,17.26,19.1,41.31,2.22,-7.10,-2.85,49.46,48.99,8.29,14.21,13.21,16,option_63.png
45,45,0,0.45,0.53,2.5,1,0,18.43,22.27,49.98,2.84,-0.81,13.28,80.82,90.60,12.47,16.92,15.66,19.33,option_64.png
25,25,1,0.45,0.53,2.5,1,0,15.21,15.13,20.49,0.77,-18.14,-23.04,-25.87,-48.32,3.08,9.76,9.93,10.61,option_65.png
35,25,1,0.45,0.53,2.5,1,0,16,16.34,31.59,0.95,-13.89,-16.89,14.29,-36.24,4.2,10.17,10.46,11.24,option_66.png
45,25,1,0.45,0.53,2.5,1,0,16.81,17.97,40.7,1.13,-9.53,-8.60,47.25,-24.16,5.65,10.62,11,12.01,option_67.png
25,35,1,0.45,0.53,2.5,1,0,15.32,15.41,22.22,0.82,-17.55,-21.62,-19.61,-44.97,3.39,9.85,9.93,10.94,option_68.png
35,35,1,0.45,0.53,2.5,1,0,16.12,16.46,32.96,1,-13.24,-16.28,19.25,-32.89,4.38,10.21,10.51,11.47,option_69.png
45,35,1,0.45,0.53,2.5,1,0,16.93,18.24,41.75,1.17,-8.88,-7.22,51.05,-21.48,6.11,10.56,10.99,12.27,option_70.png
25,45,1,0.45,0.53,2.5,1,0,15.45,15.58,23.4,0.87,-16.85,-20.75,-15.34,-41.61,3.65,9.91,9.99,11.22,option_71.png
35,45,1,0.45,0.53,2.5,1,0,16.24,16.53,34.04,1.05,-12.59,-15.92,23.15,-29.53,4.73,10.29,10.51,11.85,option_72.png
45,45,1,0.45,0.53,2.5,1,0,17,18.57,42.71,1.22,-8.50,-5.54,54.52,-18.12,6.63,10.66,11.02,12.27,option_73.png
25,25,2,0.45,0.53,2.5,1,0,14.45,11.84,13,0.19,-22.23,-39.78,-52.97,-87.25,0.33,6.19,5.96,5.64,option_74.png
35,25,2,0.45,0.53,2.5,1,0,15.13,12.27,18.22,0.28,-18.57,-37.59,-34.08,-81.21,0.41,5.84,5.7,5.31,option_75.png
45,25,2,0.45,0.53,2.5,1,0,15.8,12.75,23.24,0.38,-14.96,-35.15,-15.92,-74.50,0.51,5.76,5.67,5.23,option_76.png
25,35,2,0.45,0.53,2.5,1,0,14.59,11.95,13.7,0.2,-21.47,-39.22,-50.43,-86.58,0.39,6.02,5.88,5.46,option_77.png
35,35,2,0.45,0.53,2.5,1,0,15.26,12.32,18.97,0.29,-17.87,-37.33,-31.37,-80.54,0.48,5.82,5.72,5.37,option_78.png
45,35,2,0.45,0.53,2.5,1,0,15.92,12.81,23.96,0.39,-14.32,-34.84,-13.31,-73.83,0.54,5.73,5.64,5.18,option_79.png
25,45,2,0.45,0.53,2.5,1,0,14.73,12.05,14.5,0.2,-20.72,-38.71,-47.54,-86.58,0.4,5.95,5.75,5.35,option_80.png
35,45,2,0.45,0.53,2.5,1,0,15.42,12.47,19.7,0.29,-17.01,-36.57,-28.73,-80.54,0.49,5.81,5.65,5.3,option_81.png
45,45,2,0.45,0.53,2.5,1,0,16.05,12.91,24.8,0.4,-13.62,-34.33,-10.27,-73.15,0.59,5.67,5.61,5.18,option_82.png
25,25,0,0.25,0.33,3.5,1,0,15.76,14.53,13.66,0.9,-15.18,-26.09,-50.58,-39.60,1.06,7.16,6.95,7.53,option_83.png
35,25,0,0.25,0.33,3.5,1,0,16.68,15.7,21.85,1.26,-10.23,-20.14,-20.95,-15.44,1.88,7.37,7.09,7.89,option_84.png
45,25,0,0.25,0.33,3.5,1,0,17.63,17.34,29.98,1.63,-5.11,-11.80,8.47,9.40,2.73,7.43,7.2,8.18,option_85.png
25,35,0,0.25,0.33,3.5,1,0,15.91,14.64,15.1,0.93,-14.37,-25.53,-45.37,-37.58,1.15,6.97,6.74,7.41,option_86.png
35,35,0,0.25,0.33,3.5,1,0,16.81,15.81,23,1.29,-9.53,-19.58,-16.79,-13.42,1.93,7.19,6.94,7.8,option_87.png
45,35,0,0.25,0.33,3.5,1,0,17.76,17.53,30.98,1.66,-4.41,-10.83,12.08,11.41,2.8,7.2,7.01,8.03,option_88.png
25,45,0,0.25,0.33,3.5,1,0,16.04,14.77,16.21,0.96,-13.67,-24.87,-41.35,-35.57,1.24,6.7,6.61,7.28,option_89.png
35,45,0,0.25,0.33,3.5,1,0,16.94,15.9,23.94,1.32,-8.83,-19.13,-13.39,-11.41,1.99,7.01,6.77,7.64,option_90.png
45,45,0,0.25,0.33,3.5,1,0,17.89,17.91,31.86,1.7,-3.71,-8.90,15.27,14.09,2.91,7.07,6.92,7.76,option_91.png
25,25,1,0.25,0.33,3.5,1,0,15.34,13.74,8.04,0.39,-17.44,-30.11,-70.91,-73.83,0.75,5.5,5.7,5.78,option_92.png
35,25,1,0.25,0.33,3.5,1,0,16.27,14.65,13.11,0.47,-12.43,-25.48,-52.57,-68.46,1.16,5.31,5.74,5.57,option_93.png
45,25,1,0.25,0.33,3.5,1,0,17.02,15.46,20.5,0.55,-8.40,-21.36,-25.83,-63.09,1.58,5.29,5.68,5.41,option_94.png
25,35,1,0.25,0.33,3.5,1,0,15.48,13.88,9.49,0.41,-16.68,-29.40,-65.67,-72.48,0.81,5.32,5.64,5.7,option_95.png
35,35,1,0.25,0.33,3.5,1,0,16.4,14.75,14.66,0.49,-11.73,-24.97,-46.96,-67.11,1.28,5.27,5.76,5.56,option_96.png
45,35,1,0.25,0.33,3.5,1,0,17.15,15.57,21.86,0.58,-7.70,-20.80,-20.91,-61.07,1.68,5.25,5.62,5.37,option_97.png
25,45,1,0.25,0.33,3.5,1,0,15.62,13.98,10.81,0.45,-15.93,-28.89,-60.89,-69.80,0.87,5.21,5.62,5.71,option_98.png
35,45,1,0.25,0.33,3.5,1,0,16.52,15,15.81,0.52,-11.09,-23.70,-42.80,-65.10,1.36,5.24,5.66,5.5,option_99.png
45,45,1,0.25,0.33,3.5,1,0,17.27,15.67,22.85,0.61,-7.05,-20.30,-17.33,-59.06,1.74,5.15,5.5,5.32,option_100.png
25,25,2,0.25,0.33,3.5,1,0,14.89,11.56,7.18,0.07,-19.86,-41.20,-74.02,-95.30,0.17,4.33,4.21,4.05,option_101.png
35,25,2,0.25,0.33,3.5,1,0,15.71,12.01,10.38,0.08,-15.45,-38.91,-62.45,-94.63,0.33,4.09,4,3.86,option_102.png
45,25,2,0.25,0.33,3.5,1,0,16.45,12.4,13.65,0.1,-11.46,-36.93,-50.62,-93.29,0.4,4.02,3.88,3.73,option_103.png
25,35,2,0.25,0.33,3.5,1,0,15.06,11.63,7.62,0.07,-18.95,-40.84,-72.43,-95.30,0.29,4.35,4.17,4.05,option_104.png
35,35,2,0.25,0.33,3.5,1,0,15.87,12.11,10.88,0.09,-14.59,-38.40,-60.64,-93.96,0.38,4.09,4.03,3.8,option_105.png
45,35,2,0.25,0.33,3.5,1,0,16.61,12.53,14.18,0.11,-10.60,-36.27,-48.70,-92.62,0.45,3.96,3.88,3.71,option_106.png
25,45,2,0.25,0.33,3.5,1,0,15.22,11.71,8.15,0.07,-18.08,-40.44,-70.51,-95.30,0.31,4.33,4.17,4.02,option_107.png
35,45,2,0.25,0.33,3.5,1,0,16.02,12.18,11.42,0.09,-13.78,-38.05,-58.68,-93.96,0.4,4.1,4.01,3.77,option_108.png
45,45,2,0.25,0.33,3.5,1,0,16.8,12.67,14.69,0.11,-9.58,-35.55,-46.85,-92.62,0.45,3.93,3.85,3.65,option_109.png
25,25,0,0.35,0.43,3.5,1,0,16.01,15.73,20.93,1.27,-13.83,-19.99,-24.28,-14.77,2.42,9.12,8.94,9.37,option_110.png
35,25,0,0.35,0.43,3.5,1,0,17.08,17.17,31.5,1.76,-8.07,-12.67,13.97,18.12,3.76,9.68,9.47,10.17,option_111.png
45,25,0,0.35,0.43,3.5,1,0,18.17,20.18,40.18,2.28,-2.21,2.64,45.37,53.02,5.4,10.37,10.01,11.14,option_112.png
25,35,0,0.35,0.43,3.5,1,0,16.13,15.91,22.22,1.3,-13.19,-19.07,-19.61,-12.75,2.51,9.09,8.76,9.51,option_113.png
35,35,0,0.35,0.43,3.5,1,0,17.22,17.59,32.56,1.8,-7.32,-10.53,17.80,20.81,4.06,9.53,9.21,10.31,option_114.png
45,35,0,0.35,0.43,3.5,1,0,18.3,20.38,41.04,2.32,-1.51,3.66,48.48,55.70,5.75,10.34,9.92,11.24,option_115.png
25,45,0,0.35,0.43,3.5,1,0,16.27,16.06,23.29,1.35,-12.43,-18.31,-15.74,-9.40,2.66,9.09,8.68,9.68,option_116.png
35,45,0,0.35,0.43,3.5,1,0,17.36,17.91,33.42,1.85,-6.57,-8.90,20.91,24.16,4.32,9.45,9.16,10.33,option_117.png
45,45,0,0.35,0.43,3.5,1,0,18.43,20.55,41.76,2.37,-0.81,4.53,51.09,59.06,6.16,10.29,9.9,11.46,option_118.png
25,25,1,0.35,0.43,3.5,1,0,15.52,14.9,13.45,0.61,-16.47,-24.21,-51.34,-59.06,1.58,7.26,7.23,7.85,option_119.png
35,25,1,0.35,0.43,3.5,1,0,16.41,15.61,22.87,0.74,-11.68,-20.60,-17.26,-50.34,2.35,7.44,7.61,7.92,option_120.png
45,25,1,0.35,0.43,3.5,1,0,17.28,16.99,31.63,0.88,-7.00,-13.58,14.44,-40.94,3.05,7.21,7.64,7.97,option_121.png
25,35,1,0.35,0.43,3.5,1,0,15.65,15.07,15.18,0.64,-15.77,-23.35,-45.08,-57.05,1.77,7.15,7.23,7.93,option_122.png
35,35,1,0.35,0.43,3.5,1,0,16.55,15.7,24.28,0.78,-10.93,-20.14,-12.16,-47.65,2.4,7.36,7.56,7.91,option_123.png
45,35,1,0.35,0.43,3.5,1,0,17.41,17.16,32.81,0.92,-6.30,-12.72,18.70,-38.26,3.26,7.17,7.53,7.93,option_124.png
25,45,1,0.35,0.43,3.5,1,0,15.86,14.97,16.56,0.69,-14.64,-23.86,-40.09,-53.69,1.84,7.17,7.28,7.89,option_125.png
35,45,1,0.35,0.43,3.5,1,0,16.64,16.29,25.41,0.83,-10.44,-17.14,-8.07,-44.30,2.49,7.16,7.44,7.89,option_126.png
45,45,1,0.35,0.43,3.5,1,0,17.52,17.21,33.77,0.96,-5.71,-12.46,22.18,-35.57,3.56,7.07,7.45,7.95,option_127.png
25,25,2,0.35,0.43,3.5,1,0,14.96,11.76,10.05,0.1,-19.48,-40.18,-63.64,-93.29,0.32,4.82,4.71,4.35,option_128.png
35,25,2,0.35,0.43,3.5,1,0,15.82,12.31,14.37,0.13,-14.85,-37.39,-48.01,-91.28,0.42,4.62,4.5,4.24,option_129.png
45,25,2,0.35,0.43,3.5,1,0,16.62,12.81,18.6,0.17,-10.55,-34.84,-32.71,-88.59,0.49,4.54,4.46,4.18,option_130.png
25,35,2,0.35,0.43,3.5,1,0,15.16,11.96,10.74,0.1,-18.41,-39.17,-61.14,-93.29,0.35,4.7,4.62,4.33,option_131.png
35,35,2,0.35,0.43,3.5,1,0,15.97,12.38,15.04,0.13,-14.05,-37.03,-45.59,-91.28,0.42,4.65,4.49,4.22,option_132.png
45,35,2,0.35,0.43,3.5,1,0,16.77,12.92,19.36,0.17,-9.74,-34.28,-29.96,-88.59,0.5,4.49,4.45,4.09,option_133.png
25,45,2,0.35,0.43,3.5,1,0,15.32,12.02,11.32,0.1,-17.55,-38.86,-59.04,-93.29,0.39,4.75,4.55,4.3,option_134.png
35,45,2,0.35,0.43,3.5,1,0,16.16,12.57,15.68,0.13,-13.02,-36.06,-43.27,-91.28,0.45,4.59,4.46,4.21,option_135.png
45,45,2,0.35,0.43,3.5,1,0,16.92,12.98,19.95,0.18,-8.93,-33.98,-27.82,-87.92,0.5,4.49,4.43,4.11,option_136.png
25,25,0,0.45,0.53,3.5,1,0,16.34,16.61,28.27,1.52,-12.06,-15.51,2.28,2.01,3.85,10.68,10.31,11.86,option_137.png
35,25,0,0.45,0.53,3.5,1,0,17.61,19.18,39.46,2.12,-5.22,-2.44,42.76,42.28,6.31,12.11,11.54,13.55,option_138.png
45,25,0,0.45,0.53,3.5,1,0,18.89,22.68,48.29,2.73,1.67,15.36,74.71,83.22,9.49,14.46,13.8,16.02,option_139.png
25,35,0,0.45,0.53,3.5,1,0,16.48,16.83,29.6,1.57,-11.30,-14.39,7.09,5.37,4.13,10.58,10.25,12.1,option_140.png
35,35,0,0.45,0.53,3.5,1,0,17.71,19.85,40.37,2.17,-4.68,0.97,46.06,45.64,6.82,11.92,11.44,13.97,option_141.png
45,35,0,0.45,0.53,3.5,1,0,19.03,22.91,49.2,2.78,2.42,16.53,78.00,86.58,10.08,14.65,13.77,16.56,option_142.png
25,45,0,0.45,0.53,3.5,1,0,16.63,16.86,30.58,1.63,-10.50,-14.24,10.64,9.40,4.5,10.65,10.38,12.36,option_143.png
35,45,0,0.45,0.53,3.5,1,0,17.86,20.21,41.36,2.22,-3.88,2.80,49.64,48.99,7.26,11.91,11.48,14.17,option_144.png
45,45,0,0.45,0.53,3.5,1,0,19.17,23.19,49.92,2.84,3.18,17.96,80.61,90.60,10.75,14.75,13.89,17.04,option_145.png
25,25,1,0.45,0.53,3.5,1,0,15.73,15.36,20.57,0.77,-15.34,-21.87,-25.58,-48.32,2.63,8.92,9.08,9.26,option_146.png
35,25,1,0.45,0.53,3.5,1,0,16.66,16.68,31.59,0.95,-10.33,-15.16,14.29,-36.24,3.85,9.13,9.32,9.6,option_147.png
45,25,1,0.45,0.53,3.5,1,0,17.61,18.56,40.63,1.13,-5.22,-5.60,47.00,-24.16,5.16,9.16,9.5,9.86,option_148.png
25,35,1,0.45,0.53,3.5,1,0,15.87,15.67,22.2,0.82,-14.59,-20.30,-19.68,-44.97,2.9,8.98,9,9.65,option_149.png
35,35,1,0.45,0.53,3.5,1,0,16.8,16.76,32.89,0.99,-9.58,-14.75,18.99,-33.56,4.08,9.19,9.27,9.86,option_150.png
45,35,1,0.45,0.53,3.5,1,0,17.75,18.73,41.68,1.18,-4.47,-4.73,50.80,-20.81,5.53,9.17,9.44,10.14,option_151.png
25,45,1,0.45,0.53,3.5,1,0,16,15.76,23.53,0.87,-13.89,-19.84,-14.87,-41.61,3.2,8.96,8.95,9.9,option_152.png
35,45,1,0.45,0.53,3.5,1,0,16.93,17.02,34.09,1.04,-8.88,-13.43,23.34,-30.20,4.41,9.06,9.09,10.17,option_153.png
45,45,1,0.45,0.53,3.5,1,0,17.89,18.76,42.74,1.23,-3.71,-4.58,54.63,-17.45,6.1,9.29,9.47,10.5,option_154.png
25,25,2,0.45,0.53,3.5,1,0,15.08,12.07,13.04,0.19,-18.84,-38.61,-52.82,-87.25,0.39,5.18,5.09,4.82,option_155.png
35,25,2,0.45,0.53,3.5,1,0,15.93,12.65,18.15,0.28,-14.26,-35.66,-34.33,-81.21,0.49,5.08,4.98,4.59,option_156.png
45,25,2,0.45,0.53,3.5,1,0,16.72,13.11,23.33,0.38,-10.01,-33.32,-15.59,-74.50,0.59,5.05,4.95,4.52,option_157.png
25,35,2,0.45,0.53,3.5,1,0,15.25,12.2,13.79,0.2,-17.92,-37.95,-50.11,-86.58,0.42,5.15,5.05,4.79,option_158.png
35,35,2,0.45,0.53,3.5,1,0,16.09,12.75,19,0.29,-13.40,-35.15,-31.26,-80.54,0.5,5.11,4.99,4.6,option_159.png
45,35,2,0.45,0.53,3.5,1,0,16.88,13.23,24.11,0.38,-9.15,-32.71,-12.77,-74.50,0.63,5,4.93,4.54,option_160.png
25,45,2,0.45,0.53,3.5,1,0,15.42,12.3,14.46,0.2,-17.01,-37.44,-47.68,-86.58,0.43,5.13,5.06,4.71,option_161.png
35,45,2,0.45,0.53,3.5,1,0,16.24,12.83,19.74,0.29,-12.59,-34.74,-28.58,-80.54,0.51,5.11,5.02,4.62,option_162.png
45,45,2,0.45,0.53,3.5,1,0,17.03,13.34,24.7,0.4,-8.34,-32.15,-10.64,-73.15,0.64,5.01,4.91,4.53,option_163.png
25,25,0,0.25,0.33,2.5,2.8,0,16.6,15.34,13.72,0.9,-10.66,-21.97,-50.36,-39.60,2.6,8.69,8.01,8.89,option_164.png
35,25,0,0.25,0.33,2.5,2.8,0,17.14,16.18,21.79,1.26,-7.75,-17.70,-21.16,-15.44,3.17,8.96,8.45,9.26,option_165.png
45,25,0,0.25,0.33,2.5,2.8,0,17.7,17.31,29.91,1.63,-4.74,-11.95,8.21,9.40,3.98,9.19,8.62,9.65,option_166.png
25,35,0,0.25,0.33,2.5,2.8,0,16.62,15.9,15.09,0.94,-10.55,-19.13,-45.41,-36.91,2.64,8.52,7.95,8.93,option_167.png
35,35,0,0.25,0.33,2.5,2.8,0,17.19,16.37,22.97,1.29,-7.48,-16.73,-16.90,-13.42,3.21,8.92,8.33,9.28,option_168.png
45,35,0,0.25,0.33,2.5,2.8,0,17.77,17.55,31.08,1.67,-4.36,-10.73,12.45,12.08,4.1,9.16,8.53,9.69,option_169.png
25,45,0,0.25,0.33,2.5,2.8,0,16.72,15.69,16.19,0.96,-10.01,-20.19,-41.43,-35.57,2.66,8.61,7.95,8.93,option_170.png
35,45,0,0.25,0.33,2.5,2.8,0,17.26,16.45,24.01,1.33,-7.10,-16.33,-13.13,-10.74,3.29,8.92,8.26,9.25,option_171.png
45,45,0,0.25,0.33,2.5,2.8,0,17.84,17.78,31.85,1.69,-3.98,-9.56,15.23,13.42,4.22,9.09,8.5,9.76,option_172.png
25,25,1,0.25,0.33,2.5,2.8,0,16.25,14.94,8.05,0.39,-12.54,-24.01,-70.88,-73.83,1.93,7.09,6.94,7.64,option_173.png
35,25,1,0.25,0.33,2.5,2.8,0,16.63,16.07,13.16,0.46,-10.50,-18.26,-52.39,-69.13,2.25,6.94,6.88,7.55,option_174.png
45,25,1,0.25,0.33,2.5,2.8,0,17.1,15.68,20.55,0.55,-7.97,-20.24,-25.65,-63.09,2.6,6.97,6.99,7.4,option_175.png
25,35,1,0.25,0.33,2.5,2.8,0,16.31,15,9.49,0.41,-12.22,-23.70,-65.67,-72.48,2,7.08,6.97,7.65,option_176.png
35,35,1,0.25,0.33,2.5,2.8,0,16.74,15.27,14.66,0.49,-9.90,-22.33,-46.96,-67.11,2.27,7.05,7,7.55,option_177.png
45,35,1,0.25,0.33,2.5,2.8,0,17.16,15.86,21.94,0.58,-7.64,-19.33,-20.62,-61.07,2.68,6.84,6.93,7.37,option_178.png
25,45,1,0.25,0.33,2.5,2.8,0,16.36,15.1,10.73,0.45,-11.95,-23.19,-61.18,-69.80,2.02,7.04,6.92,7.65,option_179.png
35,45,1,0.25,0.33,2.5,2.8,0,16.77,15.72,15.85,0.53,-9.74,-20.04,-42.66,-64.43,2.32,6.91,6.93,7.44,option_180.png
45,45,1,0.25,0.33,2.5,2.8,0,17.22,15.93,22.94,0.61,-7.32,-18.97,-17.00,-59.06,2.71,6.77,6.87,7.36,option_181.png
25,25,2,0.25,0.33,2.5,2.8,0,15.84,12.35,7.13,0.07,-14.75,-37.18,-74.20,-95.30,0.95,5.8,5.57,5.58,option_182.png
35,25,2,0.25,0.33,2.5,2.8,0,16.21,12.53,10.3,0.08,-12.76,-36.27,-62.74,-94.63,0.86,5.43,5.32,5.1,option_183.png
45,25,2,0.25,0.33,2.5,2.8,0,16.56,12.72,13.63,0.1,-10.87,-35.30,-50.69,-93.29,0.83,5.14,4.98,4.79,option_184.png
25,35,2,0.25,0.33,2.5,2.8,0,15.93,12.4,7.6,0.07,-14.26,-36.93,-72.50,-95.30,0.92,5.75,5.57,5.49,option_185.png
35,35,2,0.25,0.33,2.5,2.8,0,16.29,12.59,10.89,0.09,-12.33,-35.96,-60.60,-93.96,0.84,5.35,5.18,5.07,option_186.png
45,35,2,0.25,0.33,2.5,2.8,0,16.64,12.77,14.2,0.11,-10.44,-35.05,-48.63,-92.62,0.83,5.09,4.93,4.75,option_187.png
25,45,2,0.25,0.33,2.5,2.8,0,16.01,12.46,8.13,0.07,-13.83,-36.62,-70.59,-95.30,0.88,5.65,5.54,5.37,option_188.png
35,45,2,0.25,0.33,2.5,2.8,0,16.37,12.64,11.42,0.09,-11.89,-35.71,-58.68,-93.96,0.84,5.32,5.13,4.99,option_189.png
45,45,2,0.25,0.33,2.5,2.8,0,16.73,12.82,14.73,0.11,-9.96,-34.79,-46.71,-92.62,0.83,4.99,4.87,4.69,option_190.png
25,25,0,0.35,0.43,2.5,2.8,0,16.85,16.27,20.89,1.27,-9.31,-17.24,-24.42,-14.77,3.84,10,9.67,10.61,option_191.png
35,25,0,0.35,0.43,2.5,2.8,0,17.56,17.72,31.48,1.75,-5.49,-9.87,13.89,17.45,5.4,10.62,10.35,11.75,option_192.png
45,25,0,0.35,0.43,2.5,2.8,0,18.28,20.3,40.03,2.27,-1.61,3.26,44.83,52.35,7.02,11.63,11.43,13.3,option_193.png
25,35,0,0.35,0.43,2.5,2.8,0,16.92,16.44,22.26,1.31,-8.93,-16.38,-19.46,-12.08,3.94,10.03,9.69,10.89,option_194.png
35,35,0,0.35,0.43,2.5,2.8,0,17.64,17.94,32.53,1.8,-5.06,-8.75,17.69,20.81,5.56,10.68,10.38,12,option_195.png
45,35,0,0.35,0.43,2.5,2.8,0,18.35,20.45,40.99,2.31,-1.24,4.02,48.30,55.03,7.28,11.74,11.51,13.68,option_196.png
25,45,0,0.35,0.43,2.5,2.8,0,16.98,16.66,23.34,1.35,-8.61,-15.26,-15.56,-9.40,4.13,10.03,9.7,11.15,option_197.png
35,45,0,0.35,0.43,2.5,2.8,0,17.71,18.06,33.5,1.85,-4.68,-8.14,21.20,24.16,5.75,10.76,10.41,12.26,option_198.png
45,45,0,0.35,0.43,2.5,2.8,0,18.43,20.59,41.71,2.36,-0.81,4.73,50.90,58.39,7.55,11.93,11.6,14.05,option_199.png
25,25,1,0.35,0.43,2.5,2.8,0,16.4,15.82,13.47,0.61,-11.73,-19.53,-51.27,-59.06,2.92,8.62,8.32,8.97,option_200.png
35,25,1,0.35,0.43,2.5,2.8,0,16.89,15.99,22.83,0.74,-9.10,-18.67,-17.40,-50.34,3.6,8.95,8.66,9.16,option_201.png
45,25,1,0.35,0.43,2.5,2.8,0,17.38,17.03,31.67,0.88,-6.46,-13.38,14.58,-40.94,4.38,9.03,8.85,9.34,option_202.png
25,35,1,0.35,0.43,2.5,2.8,0,16.49,15.56,15.21,0.65,-11.25,-20.85,-44.97,-56.38,3.13,8.8,8.38,9.11,option_203.png
35,35,1,0.35,0.43,2.5,2.8,0,16.94,16.38,24.22,0.78,-8.83,-16.68,-12.37,-47.65,3.66,8.95,8.62,9.21,option_204.png
45,35,1,0.35,0.43,2.5,2.8,0,17.45,17.26,32.86,0.92,-6.08,-12.21,18.89,-38.26,4.58,9.04,8.81,9.43,option_205.png
25,45,1,0.35,0.43,2.5,2.8,0,16.56,15.72,16.54,0.69,-10.87,-20.04,-40.16,-53.69,3.25,8.78,8.37,9.28,option_206.png
35,45,1,0.35,0.43,2.5,2.8,0,17.01,16.36,25.48,0.82,-8.45,-16.79,-7.81,-44.97,3.84,9,8.65,9.41,option_207.png
45,45,1,0.35,0.43,2.5,2.8,0,17.51,17.43,33.86,0.96,-5.76,-11.34,22.50,-35.57,4.78,9,8.8,9.65,option_208.png
25,25,2,0.35,0.43,2.5,2.8,0,15.93,12.55,10.06,0.1,-14.26,-36.16,-63.60,-93.29,1.12,6.31,6.12,6.18,option_209.png
35,25,2,0.35,0.43,2.5,2.8,0,16.32,12.8,14.33,0.13,-12.16,-34.89,-48.15,-91.28,1.05,5.98,5.78,5.66,option_210.png
45,25,2,0.35,0.43,2.5,2.8,0,16.7,13.04,18.64,0.17,-10.12,-33.67,-32.56,-88.59,1.02,5.65,5.58,5.31,option_211.png
25,35,2,0.35,0.43,2.5,2.8,0,16.02,12.62,10.69,0.1,-13.78,-35.81,-61.32,-93.29,1.12,6.24,6.04,6.06,option_212.png
35,35,2,0.35,0.43,2.5,2.8,0,16.41,12.87,14.99,0.13,-11.68,-34.54,-45.77,-91.28,1.05,5.91,5.79,5.59,option_213.png
45,35,2,0.35,0.43,2.5,2.8,0,16.78,13.11,19.37,0.17,-9.69,-33.32,-29.92,-88.59,1.02,5.64,5.5,5.25,option_214.png
25,45,2,0.35,0.43,2.5,2.8,0,16.11,12.69,11.41,0.1,-13.29,-35.45,-58.72,-93.29,1.1,6.21,6,5.95,option_215.png
35,45,2,0.35,0.43,2.5,2.8,0,16.49,12.93,15.7,0.13,-11.25,-34.23,-43.20,-91.28,1.04,5.87,5.71,5.55,option_216.png
45,45,2,0.35,0.43,2.5,2.8,0,16.86,13.17,19.94,0.17,-9.26,-33.01,-27.86,-88.59,1,5.61,5.49,5.18,option_217.png
25,25,0,0.45,0.53,2.5,2.8,0,17.13,17.68,28.25,1.52,-7.80,-10.07,2.21,2.01,5.33,11.38,10.79,12.87,option_218.png
35,25,0,0.45,0.53,2.5,2.8,0,18.09,19.44,39.43,2.11,-2.64,-1.12,42.66,41.61,8.28,13.66,12.51,14.99,option_219.png
45,25,0,0.45,0.53,2.5,2.8,0,19.02,22.77,48.42,2.73,2.37,15.82,75.18,83.22,11.84,16.31,15.17,18.09,option_220.png
25,35,0,0.45,0.53,2.5,2.8,0,17.26,17.35,29.53,1.57,-7.10,-11.75,6.84,5.37,5.73,11.63,10.99,13.17,option_221.png
35,35,0,0.45,0.53,2.5,2.8,0,18.17,19.64,40.49,2.16,-2.21,-0.10,46.49,44.97,8.68,13.78,12.73,15.49,option_222.png
45,35,0,0.45,0.53,2.5,2.8,0,19.12,22.96,49.23,2.78,2.91,16.79,78.11,86.58,12.65,16.55,15.41,18.71,option_223.png
25,45,0,0.45,0.53,2.5,2.8,0,17.36,17.53,30.65,1.63,-6.57,-10.83,10.89,9.40,6.2,11.71,11.06,13.62,option_224.png
35,45,0,0.45,0.53,2.5,2.8,0,18.24,20.14,41.39,2.22,-1.83,2.44,49.75,48.99,9.2,13.88,12.82,16.08,option_225.png
45,45,0,0.45,0.53,2.5,2.8,0,19.21,23.13,49.88,2.84,3.39,17.65,80.46,90.60,13.36,16.86,15.66,19.61,option_226.png
25,25,1,0.45,0.53,2.5,2.8,0,16.56,16.3,20.58,0.77,-10.87,-17.09,-25.54,-48.32,3.97,9.49,9.47,10.26,option_227.png
35,25,1,0.45,0.53,2.5,2.8,0,17.14,17.11,31.65,0.94,-7.75,-12.97,14.51,-36.91,5.14,9.95,10.03,10.84,option_228.png
45,25,1,0.45,0.53,2.5,2.8,0,17.74,18.51,40.65,1.12,-4.52,-5.85,47.07,-24.83,6.59,10.3,10.65,11.61,option_229.png
25,35,1,0.45,0.53,2.5,2.8,0,16.64,16.46,22.18,0.81,-10.44,-16.28,-19.75,-45.64,4.2,9.59,9.54,10.5,option_230.png
35,35,1,0.45,0.53,2.5,2.8,0,17.22,17.23,32.95,0.99,-7.32,-12.36,19.21,-33.56,5.45,9.99,10.14,11.2,option_231.png
45,35,1,0.45,0.53,2.5,2.8,0,17.82,18.68,41.84,1.17,-4.09,-4.98,51.37,-21.48,7.05,10.38,10.73,11.95,option_232.png
25,45,1,0.45,0.53,2.5,2.8,0,16.71,16.46,23.52,0.87,-10.06,-16.28,-14.91,-41.61,4.46,9.7,9.65,10.95,option_233.png
35,45,1,0.45,0.53,2.5,2.8,0,17.29,17.53,33.9,1.04,-6.94,-10.83,22.65,-30.20,5.8,9.98,10.22,11.43,option_234.png
45,45,1,0.45,0.53,2.5,2.8,0,17.9,18.77,42.6,1.23,-3.66,-4.53,54.12,-17.45,7.45,10.41,10.78,12.32,option_235.png
25,25,2,0.45,0.53,2.5,2.8,0,16.01,12.76,12.91,0.19,-13.83,-35.10,-53.29,-87.25,1.29,6.95,6.56,6.76,option_236.png
35,25,2,0.45,0.53,2.5,2.8,0,16.43,13.06,18.25,0.28,-11.57,-33.57,-33.97,-81.21,1.34,6.51,6.29,6.3,option_237.png
45,25,2,0.45,0.53,2.5,2.8,0,16.98,14.21,23.27,0.38,-8.61,-27.72,-15.81,-74.50,1.35,5.97,5.73,5.87,option_238.png
25,35,2,0.45,0.53,2.5,2.8,0,16.11,12.84,13.78,0.19,-13.29,-34.69,-50.14,-87.25,1.29,6.88,6.46,6.66,option_239.png
35,35,2,0.45,0.53,2.5,2.8,0,16.51,13.14,18.92,0.28,-11.14,-33.16,-31.55,-81.21,1.36,6.48,6.28,6.19,option_240.png
45,35,2,0.45,0.53,2.5,2.8,0,17.09,14.45,24.12,0.38,-8.02,-26.50,-12.74,-74.50,1.35,5.9,5.7,5.7,option_241.png
25,45,2,0.45,0.53,2.5,2.8,0,16.2,12.92,14.44,0.21,-12.81,-34.28,-47.76,-85.91,1.35,6.85,6.45,6.61,option_242.png
35,45,2,0.45,0.53,2.5,2.8,0,16.61,13.22,19.64,0.29,-10.60,-32.76,-28.94,-80.54,1.36,6.43,6.26,6.06,option_243.png
45,45,2,0.45,0.53,2.5,2.8,0,17.25,14.94,24.78,0.4,-7.16,-24.01,-10.35,-73.15,1.35,5.72,5.51,5.58,option_244.png
25,25,0,0.25,0.33,3.5,2.8,0,17.13,15.57,13.77,0.91,-7.80,-20.80,-50.18,-38.93,2.32,7.57,7.1,8.15,option_245.png
35,25,0,0.25,0.33,3.5,2.8,0,17.83,16.5,21.76,1.26,-4.04,-16.07,-21.27,-15.44,2.88,7.66,7.34,8.32,option_246.png
45,25,0,0.25,0.33,3.5,2.8,0,18.59,17.89,30.01,1.63,0.05,-9.00,8.57,9.40,3.68,7.65,7.43,8.58,option_247.png
25,35,0,0.25,0.33,3.5,2.8,0,17.21,15.76,15.08,0.93,-7.37,-19.84,-45.44,-37.58,2.35,7.41,7.03,8.07,option_248.png
35,35,0,0.25,0.33,3.5,2.8,0,17.94,16.64,23.07,1.29,-3.44,-15.36,-16.53,-13.42,2.97,7.43,7.2,8.25,option_249.png
45,35,0,0.25,0.33,3.5,2.8,0,18.68,18,30.94,1.66,0.54,-8.44,11.94,11.41,3.74,7.58,7.35,8.44,option_250.png
25,45,0,0.25,0.33,3.5,2.8,0,17.3,15.97,16.19,0.97,-6.89,-18.77,-41.43,-34.90,2.39,7.24,6.93,7.9,option_251.png
35,45,0,0.25,0.33,3.5,2.8,0,18.03,16.76,24.04,1.32,-2.96,-14.75,-13.02,-11.41,3.04,7.33,7.08,8.07,option_252.png
45,45,0,0.25,0.33,3.5,2.8,0,18.77,18.07,31.85,1.69,1.02,-8.09,15.23,13.42,3.88,7.48,7.24,8.39,option_253.png
25,25,1,0.25,0.33,3.5,2.8,0,16.78,15.17,8.06,0.39,-9.69,-22.84,-70.84,-73.83,1.79,6.14,6.16,6.61,option_254.png
35,25,1,0.25,0.33,3.5,2.8,0,17.38,15.38,13.13,0.47,-6.46,-21.77,-52.50,-68.46,1.97,5.9,6.16,6.23,option_255.png
45,25,1,0.25,0.33,3.5,2.8,0,17.97,16.06,20.5,0.55,-3.28,-18.31,-25.83,-63.09,2.21,5.68,5.99,5.84,option_256.png
25,35,1,0.25,0.33,3.5,2.8,0,16.88,15.27,9.51,0.41,-9.15,-22.33,-65.59,-72.48,1.83,5.96,6.11,6.63,option_257.png
35,35,1,0.25,0.33,3.5,2.8,0,17.46,15.54,14.69,0.5,-6.03,-20.96,-46.85,-66.44,2.01,5.8,6.02,6.12,option_258.png
45,35,1,0.25,0.33,3.5,2.8,0,18.06,16.24,21.82,0.58,-2.80,-17.40,-21.06,-61.07,2.2,5.63,5.91,5.8,option_259.png
25,45,1,0.25,0.33,3.5,2.8,0,17.02,15.14,10.8,0.44,-8.40,-22.99,-60.93,-70.47,1.85,5.97,6.02,6.56,option_260.png
35,45,1,0.25,0.33,3.5,2.8,0,17.55,15.64,15.91,0.52,-5.54,-20.45,-42.44,-65.10,2.04,5.73,5.96,6.04,option_261.png
45,45,1,0.25,0.33,3.5,2.8,0,18.14,16.38,22.97,0.61,-2.37,-16.68,-16.90,-59.06,2.29,5.57,5.87,5.81,option_262.png
25,25,2,0.25,0.33,3.5,2.8,0,16.38,12.59,7.16,0.07,-11.84,-35.96,-74.10,-95.30,0.91,5.27,5.11,5.03,option_263.png
35,25,2,0.25,0.33,3.5,2.8,0,16.91,12.84,10.37,0.08,-8.99,-34.69,-62.48,-94.63,0.88,4.91,4.75,4.7,option_264.png
45,25,2,0.25,0.33,3.5,2.8,0,17.44,13.09,13.64,0.1,-6.14,-33.42,-50.65,-93.29,0.87,4.73,4.59,4.45,option_265.png
25,35,2,0.25,0.33,3.5,2.8,0,16.5,12.66,7.62,0.07,-11.19,-35.61,-72.43,-95.30,0.89,5.26,5.07,4.98,option_266.png
35,35,2,0.25,0.33,3.5,2.8,0,17.04,12.91,10.88,0.09,-8.29,-34.33,-60.64,-93.96,0.87,4.85,4.69,4.6,option_267.png
45,35,2,0.25,0.33,3.5,2.8,0,17.56,13.16,14.16,0.11,-5.49,-33.06,-48.77,-92.62,0.86,4.7,4.54,4.46,option_268.png
25,45,2,0.25,0.33,3.5,2.8,0,16.63,12.73,8.12,0.07,-10.50,-35.25,-70.62,-95.30,0.89,5.17,5.05,4.89,option_269.png
35,45,2,0.25,0.33,3.5,2.8,0,17.15,12.98,11.41,0.09,-7.70,-33.98,-58.72,-93.96,0.87,4.86,4.66,4.54,option_270.png
45,45,2,0.25,0.33,3.5,2.8,0,17.67,13.23,14.7,0.11,-4.90,-32.71,-46.82,-92.62,0.84,4.68,4.54,4.41,option_271.png
25,25,0,0.35,0.43,3.5,2.8,0,17.36,16.42,20.89,1.26,-6.57,-16.48,-24.42,-15.44,3.53,9.24,8.72,9.49,option_272.png
35,25,0,0.35,0.43,3.5,2.8,0,18.23,18.02,31.57,1.76,-1.88,-8.34,14.22,18.12,4.94,9.75,9.3,10.25,option_273.png
45,25,0,0.35,0.43,3.5,2.8,0,19.11,20.71,40.07,2.27,2.85,5.34,44.97,52.35,6.7,10.54,10.13,11.4,option_274.png
25,35,0,0.35,0.43,3.5,2.8,0,17.46,16.71,22.21,1.31,-6.03,-15.01,-19.65,-12.08,3.62,9.16,8.63,9.61,option_275.png
35,35,0,0.35,0.43,3.5,2.8,0,18.33,18.31,32.52,1.8,-1.35,-6.87,17.66,20.81,5.21,9.71,9.27,10.42,option_276.png
45,35,0,0.35,0.43,3.5,2.8,0,19.2,20.78,40.95,2.31,3.34,5.70,48.15,55.03,6.91,10.64,10.15,11.79,option_277.png
25,45,0,0.35,0.43,3.5,2.8,0,17.55,16.81,23.38,1.35,-5.54,-14.50,-15.41,-9.40,3.8,9.2,8.61,9.83,option_278.png
35,45,0,0.35,0.43,3.5,2.8,0,18.43,18.52,33.48,1.85,-0.81,-5.80,21.13,24.16,5.42,9.82,9.21,10.68,option_279.png
45,45,0,0.35,0.43,3.5,2.8,0,19.3,20.95,41.78,2.36,3.88,6.56,51.16,58.39,7.23,10.74,10.17,11.99,option_280.png
25,25,1,0.35,0.43,3.5,2.8,0,16.92,15.73,13.52,0.61,-8.93,-19.99,-51.09,-59.06,2.72,7.56,7.42,8.15,option_281.png
35,25,1,0.35,0.43,3.5,2.8,0,17.55,16.34,22.88,0.74,-5.54,-16.89,-17.22,-50.34,3.28,7.56,7.61,8.21,option_282.png
45,25,1,0.35,0.43,3.5,2.8,0,18.23,17.64,31.59,0.88,-1.88,-10.27,14.29,-40.94,4.11,7.29,7.63,8.17,option_283.png
25,35,1,0.35,0.43,3.5,2.8,0,17.02,15.84,15.28,0.64,-8.40,-19.43,-44.72,-57.05,2.82,7.48,7.35,8.21,option_284.png
35,35,1,0.35,0.43,3.5,2.8,0,17.66,16.71,24.27,0.78,-4.95,-15.01,-12.19,-47.65,3.45,7.47,7.51,8.12,option_285.png
45,35,1,0.35,0.43,3.5,2.8,0,18.33,17.84,32.83,0.92,-1.35,-9.26,18.78,-38.26,4.29,7.25,7.59,8.17,option_286.png
25,45,1,0.35,0.43,3.5,2.8,0,17.08,16.34,16.53,0.69,-8.07,-16.89,-40.20,-53.69,2.99,7.37,7.25,8.22,option_287.png
35,45,1,0.35,0.43,3.5,2.8,0,17.74,16.74,25.34,0.82,-4.52,-14.85,-8.32,-44.97,3.58,7.42,7.56,8.18,option_288.png
45,45,1,0.35,0.43,3.5,2.8,0,18.4,17.65,33.69,0.96,-0.97,-10.22,21.89,-35.57,4.42,7.27,7.58,8.23,option_289.png
25,25,2,0.35,0.43,3.5,2.8,0,16.47,12.79,10.03,0.1,-11.36,-34.94,-63.71,-93.29,1.11,5.7,5.64,5.48,option_290.png
35,25,2,0.35,0.43,3.5,2.8,0,17.02,13.11,14.37,0.13,-8.40,-33.32,-48.01,-91.28,1.03,5.39,5.17,5.08,option_291.png
45,25,2,0.35,0.43,3.5,2.8,0,17.56,13.41,18.57,0.17,-5.49,-31.79,-32.81,-88.59,1.03,5.14,4.98,4.82,option_292.png
25,35,2,0.35,0.43,3.5,2.8,0,16.59,12.88,10.78,0.1,-10.71,-34.49,-61.00,-93.29,1.1,5.58,5.56,5.35,option_293.png
35,35,2,0.35,0.43,3.5,2.8,0,17.14,13.19,15.04,0.13,-7.75,-32.91,-45.59,-91.28,1.03,5.33,5.17,5.03,option_294.png
45,35,2,0.35,0.43,3.5,2.8,0,17.68,13.48,19.32,0.17,-4.84,-31.43,-30.10,-88.59,1.03,5.16,4.92,4.75,option_295.png
25,45,2,0.35,0.43,3.5,2.8,0,16.72,12.96,11.4,0.1,-10.01,-34.08,-58.76,-93.29,1.07,5.57,5.47,5.27,option_296.png
35,45,2,0.35,0.43,3.5,2.8,0,17.26,13.26,15.69,0.14,-7.10,-32.55,-43.23,-90.60,1.03,5.25,5.1,4.93,option_297.png
45,45,2,0.35,0.43,3.5,2.8,0,17.78,13.49,19.92,0.17,-4.31,-31.38,-27.93,-88.59,1.02,5.11,4.94,4.76,option_298.png
25,25,0,0.45,0.53,3.5,2.8,0,17.67,17.44,28.33,1.52,-4.90,-11.29,2.50,2.01,5.23,10.41,10.1,11.56,option_299.png
35,25,0,0.45,0.53,3.5,2.8,0,18.67,20.56,39.48,2.11,0.48,4.58,42.84,41.61,7.43,11.8,11.4,13.62,option_300.png
45,25,0,0.45,0.53,3.5,2.8,0,19.8,23.2,48.39,2.73,6.57,18.01,75.07,83.22,10.48,14.14,13.55,16.14,option_301.png
25,35,0,0.45,0.53,3.5,2.8,0,17.77,17.65,29.56,1.57,-4.36,-10.22,6.95,5.37,5.56,10.49,10.21,11.91,option_302.png
35,35,0,0.45,0.53,3.5,2.8,0,18.79,20.79,40.41,2.17,1.13,5.75,46.20,45.64,7.82,11.87,11.53,14.1,option_303.png
45,35,0,0.45,0.53,3.5,2.8,0,19.91,23.54,49.21,2.79,7.16,19.74,78.04,87.25,11.03,14.43,13.85,16.82,option_304.png
25,45,0,0.45,0.53,3.5,2.8,0,17.88,17.85,30.7,1.63,-3.77,-9.21,11.07,9.40,5.83,10.56,10.25,12.2,option_305.png
35,45,0,0.45,0.53,3.5,2.8,0,18.91,20.39,41.32,2.22,1.78,3.71,49.49,48.99,8.38,12.18,11.6,14.7,option_306.png
45,45,0,0.45,0.53,3.5,2.8,0,20.03,23.77,49.97,2.84,7.80,20.91,80.79,90.60,11.54,14.55,13.97,17.43,option_307.png
25,25,1,0.45,0.53,3.5,2.8,0,17.07,16.28,20.57,0.77,-8.13,-17.19,-25.58,-48.32,3.61,8.95,8.6,9.32,option_308.png
35,25,1,0.45,0.53,3.5,2.8,0,17.8,17.4,31.52,0.95,-4.20,-11.50,14.04,-36.24,4.87,9.08,8.89,9.6,option_309.png
45,25,1,0.45,0.53,3.5,2.8,0,18.55,19.36,40.65,1.12,-0.16,-1.53,47.07,-24.83,6.37,9.29,9.35,9.91,option_310.png
25,35,1,0.45,0.53,3.5,2.8,0,17.17,16.37,22.12,0.81,-7.59,-16.73,-19.97,-45.64,3.85,9,8.64,9.49,option_311.png
35,35,1,0.45,0.53,3.5,2.8,0,17.9,17.97,32.87,0.99,-3.66,-8.60,18.92,-33.56,5.16,9.06,8.79,9.78,option_312.png
45,35,1,0.45,0.53,3.5,2.8,0,18.63,19.74,41.78,1.17,0.27,0.41,51.16,-21.48,6.69,9.29,9.3,10.15,option_313.png
25,45,1,0.45,0.53,3.5,2.8,0,17.27,16.55,23.55,0.87,-7.05,-15.82,-14.80,-41.61,4.12,8.98,8.61,9.74,option_314.png
35,45,1,0.45,0.53,3.5,2.8,0,17.99,18.07,33.98,1.04,-3.18,-8.09,22.94,-30.20,5.47,9.12,8.78,10.06,option_315.png
45,45,1,0.45,0.53,3.5,2.8,0,18.73,19.92,42.59,1.23,0.81,1.32,54.09,-17.45,7.04,9.29,9.44,10.46,option_316.png
25,25,2,0.45,0.53,3.5,2.8,0,16.55,13,12.88,0.19,-10.93,-33.88,-53.40,-87.25,1.24,6.15,5.89,5.87,option_317.png
35,25,2,0.45,0.53,3.5,2.8,0,17.12,13.36,18.17,0.28,-7.86,-32.04,-34.26,-81.21,1.27,5.76,5.7,5.47,option_318.png
45,25,2,0.45,0.53,3.5,2.8,0,17.91,15.21,23.24,0.38,-3.61,-22.63,-15.92,-74.50,1.3,5.08,4.83,4.87,option_319.png
25,35,2,0.45,0.53,3.5,2.8,0,16.68,13.09,13.73,0.19,-10.23,-33.42,-50.33,-87.25,1.27,6.11,5.86,5.78,option_320.png
35,35,2,0.45,0.53,3.5,2.8,0,17.4,14.23,19,0.28,-6.35,-27.62,-31.26,-81.21,1.3,5.43,5.34,5.33,option_321.png
45,35,2,0.45,0.53,3.5,2.8,0,18.03,15.31,24.08,0.4,-2.96,-22.13,-12.88,-73.15,1.3,5.08,4.82,4.81,option_322.png
25,45,2,0.45,0.53,3.5,2.8,0,16.8,13.18,14.55,0.2,-9.58,-32.96,-47.36,-86.58,1.28,5.99,5.86,5.71,option_323.png
35,45,2,0.45,0.53,3.5,2.8,0,17.51,14.24,19.81,0.29,-5.76,-27.57,-28.33,-80.54,1.31,5.41,5.31,5.31,option_324.png
45,45,2,0.45,0.53,3.5,2.8,0,18.14,15.38,24.86,0.4,-2.37,-21.77,-10.06,-73.15,1.3,5.09,4.82,4.84,option_325.png
25,25,0,0.25,0.33,2.5,1,1,12.86,18.99,13.75,0.9,-30.79,-3.41,-50.25,-39.60,1.07,7.26,6.55,7.83,option_326.png
35,25,0,0.25,0.33,2.5,1,1,14.28,18.16,21.7,1.26,-23.14,-7.63,-21.49,-15.44,2.12,8.41,7.51,8.89,option_327.png
45,25,0,0.25,0.33,2.5,1,1,15.21,17.73,29.96,1.64,-18.14,-9.82,8.39,10.07,2.88,8.48,7.97,9.11,option_328.png
25,35,0,0.25,0.33,2.5,1,1,13.02,19.17,15.12,0.93,-29.92,-2.49,-45.30,-37.58,1.16,7.51,6.59,8.04,option_329.png
35,35,0,0.25,0.33,2.5,1,1,14.38,18.29,23.03,1.29,-22.60,-6.97,-16.68,-13.42,2.12,8.24,7.27,8.92,option_330.png
45,35,0,0.25,0.33,2.5,1,1,15.34,20.55,30.95,1.66,-17.44,4.53,11.98,11.41,2.97,8.49,8.09,9.08,option_331.png
25,45,0,0.25,0.33,2.5,1,1,12.93,17.04,16.16,0.96,-30.41,-13.33,-41.53,-35.57,1.24,6.47,5.95,8.32,option_332.png
35,45,0,0.25,0.33,2.5,1,1,14.38,18.35,24.03,1.33,-22.60,-6.66,-13.06,-10.74,2.2,8.18,7.31,8.88,option_333.png
45,45,0,0.25,0.33,2.5,1,1,15.56,20.23,31.92,1.7,-16.25,2.90,15.48,14.09,3.05,8.3,7.59,9.01,option_334.png
25,25,1,0.25,0.33,2.5,1,1,12.09,15.61,7.99,0.38,-34.93,-20.60,-71.09,-74.50,0.66,5.3,5.62,7.28,option_335.png
35,25,1,0.25,0.33,2.5,1,1,12.83,18.91,13.16,0.46,-30.95,-3.81,-52.39,-69.13,1.18,4.81,5.22,5.16,option_336.png
45,25,1,0.25,0.33,2.5,1,1,14.01,17.47,20.57,0.55,-24.60,-11.14,-25.58,-63.09,1.69,5.65,5.43,6.84,option_337.png
25,35,1,0.25,0.33,2.5,1,1,12.05,15.14,9.43,0.41,-35.15,-22.99,-65.88,-72.48,0.74,5.21,5.46,7.32,option_338.png
35,35,1,0.25,0.33,2.5,1,1,12.99,18.64,14.69,0.49,-30.09,-5.19,-46.85,-67.11,1.24,5.02,5.27,5.67,option_339.png
45,35,1,0.25,0.33,2.5,1,1,14.07,17.58,21.89,0.58,-24.27,-10.58,-20.80,-61.07,1.78,5.82,5.51,6.69,option_340.png
25,45,1,0.25,0.33,2.5,1,1,12.1,15.76,10.74,0.44,-34.88,-19.84,-61.14,-70.47,0.86,5.15,5.18,7.13,option_341.png
35,45,1,0.25,0.33,2.5,1,1,13.03,18.57,15.89,0.52,-29.87,-5.54,-42.51,-65.10,1.31,5.02,5.16,5.57,option_342.png
45,45,1,0.25,0.33,2.5,1,1,14.1,18.31,22.91,0.61,-24.11,-6.87,-17.11,-59.06,1.86,5.4,5.42,6.61,option_343.png
25,25,2,0.25,0.33,2.5,1,1,10.82,14.25,7.12,0.07,-41.77,-27.52,-74.24,-95.30,0.08,3.46,3.41,3.62,option_344.png
35,25,2,0.25,0.33,2.5,1,1,11.16,15.04,10.36,0.08,-39.94,-23.50,-62.52,-94.63,0.18,3.03,3.18,3.09,option_345.png
45,25,2,0.25,0.33,2.5,1,1,12.57,13.89,13.66,0.1,-32.35,-29.35,-50.58,-93.29,0.32,2.79,3.09,2.85,option_346.png
25,35,2,0.25,0.33,2.5,1,1,10.68,14.32,7.64,0.07,-42.52,-27.16,-72.36,-95.30,0.09,3.29,3.26,3.42,option_347.png
35,35,2,0.25,0.33,2.5,1,1,11.13,14.67,10.87,0.09,-40.10,-25.38,-60.67,-93.96,0.24,2.85,3.05,2.9,option_348.png
45,35,2,0.25,0.33,2.5,1,1,12.13,14.35,14.19,0.11,-34.71,-27.01,-48.66,-92.62,0.33,2.64,2.95,2.71,option_349.png
25,45,2,0.25,0.33,2.5,1,1,10.78,14.91,8.1,0.07,-41.98,-24.16,-70.69,-95.30,0.14,2.98,3.26,3.21,option_350.png
35,45,2,0.25,0.33,2.5,1,1,11.15,14.73,11.39,0.09,-39.99,-25.08,-58.79,-93.96,0.27,2.76,2.9,2.89,option_351.png
45,45,2,0.25,0.33,2.5,1,1,12.09,14.46,14.68,0.11,-34.93,-26.45,-46.89,-92.62,0.34,2.68,2.84,2.74,option_352.png
25,25,0,0.35,0.43,2.5,1,1,14.68,17.49,20.93,1.27,-20.99,-11.04,-24.28,-14.77,2.66,9.6,9.81,11.18,option_353.png
35,25,0,0.35,0.43,2.5,1,1,16.05,20.13,31.41,1.76,-13.62,2.39,13.64,18.12,4.08,10.82,10.05,11.84,option_354.png
45,25,0,0.35,0.43,2.5,1,1,17.58,21.55,40.16,2.27,-5.38,9.61,45.30,52.35,5.89,11.83,11.53,13.2,option_355.png
25,35,0,0.35,0.43,2.5,1,1,14.71,18.2,22.28,1.31,-20.83,-7.43,-19.39,-12.08,2.8,9.24,9.06,11.06,option_356.png
35,35,0,0.35,0.43,2.5,1,1,15.9,20.31,32.55,1.8,-14.42,3.31,17.76,20.81,4.28,10.53,9.78,11.72,option_357.png
45,35,0,0.35,0.43,2.5,1,1,17.93,20.57,40.95,2.32,-3.50,4.63,48.15,55.70,6.13,11.15,11.51,13.47,option_358.png
25,45,0,0.35,0.43,2.5,1,1,14.69,18,23.34,1.35,-20.94,-8.44,-15.56,-9.40,3.01,8.98,9.21,10.94,option_359.png
35,45,0,0.35,0.43,2.5,1,1,16.09,18.78,33.55,1.85,-13.40,-4.48,21.38,24.16,4.5,10.53,10.03,11.82,option_360.png
45,45,0,0.35,0.43,2.5,1,1,17.74,21.91,41.75,2.37,-4.52,11.44,51.05,59.06,6.51,11.72,11.47,13.7,option_361.png
25,25,1,0.35,0.43,2.5,1,1,12.95,18.8,13.4,0.61,-30.30,-4.37,-51.52,-59.06,1.59,7.23,6.79,8.07,option_362.png
35,25,1,0.35,0.43,2.5,1,1,13.99,17.32,22.8,0.74,-24.70,-11.90,-17.51,-50.34,2.52,8.38,7.58,8.84,option_363.png
45,25,1,0.35,0.43,2.5,1,1,15.4,19.32,31.55,0.88,-17.12,-1.73,14.15,-40.94,3.46,8.4,8.62,8.97,option_364.png
25,35,1,0.35,0.43,2.5,1,1,13.15,18.35,15.3,0.64,-29.22,-6.66,-44.65,-57.05,1.77,7.57,7.27,9.46,option_365.png
35,35,1,0.35,0.43,2.5,1,1,14.19,17.36,24.37,0.78,-23.63,-11.70,-11.83,-47.65,2.67,8.21,7.92,9.17,option_366.png
45,35,1,0.35,0.43,2.5,1,1,15.33,18.75,32.85,0.92,-17.49,-4.63,18.85,-38.26,3.68,8.29,8.55,8.94,option_367.png
25,45,1,0.35,0.43,2.5,1,1,13.12,18.73,16.41,0.69,-29.39,-4.73,-40.63,-53.69,1.85,7.01,6.88,8.84,option_368.png
35,45,1,0.35,0.43,2.5,1,1,14.19,17.29,25.48,0.82,-23.63,-12.05,-7.81,-44.97,2.81,8.18,7.65,9.42,option_369.png
45,45,1,0.35,0.43,2.5,1,1,16.83,19.8,33.75,0.97,-9.42,0.71,22.11,-34.90,3.84,8.13,8.32,8.95,option_370.png
25,25,2,0.35,0.43,2.5,1,1,10.8,15.33,10.06,0.1,-41.87,-22.02,-63.60,-93.29,0.16,3.79,3.78,3.84,option_371.png
35,25,2,0.35,0.43,2.5,1,1,11.3,15.26,14.33,0.13,-39.18,-22.38,-48.15,-91.28,0.33,3.44,3.6,3.48,option_372.png
45,25,2,0.35,0.43,2.5,1,1,12.7,15.54,18.58,0.16,-31.65,-20.96,-32.78,-89.26,0.4,3.26,3.64,3.37,option_373.png
25,35,2,0.35,0.43,2.5,1,1,11.05,14.77,10.69,0.1,-40.53,-24.87,-61.32,-93.29,0.21,3.81,3.88,3.85,option_374.png
35,35,2,0.35,0.43,2.5,1,1,11.78,14.85,15.06,0.14,-36.60,-24.47,-45.51,-90.60,0.35,3.37,3.78,3.41,option_375.png
45,35,2,0.35,0.43,2.5,1,1,12.21,15.11,19.28,0.17,-34.28,-23.14,-30.25,-88.59,0.42,3.16,3.42,3.17,option_376.png
25,45,2,0.35,0.43,2.5,1,1,11.07,14.87,11.35,0.1,-40.42,-24.36,-58.94,-93.29,0.29,3.49,3.72,3.64,option_377.png
35,45,2,0.35,0.43,2.5,1,1,11.36,15.24,15.65,0.14,-38.86,-22.48,-43.38,-90.60,0.39,3.24,3.44,3.28,option_378.png
45,45,2,0.35,0.43,2.5,1,1,12.28,14.76,19.96,0.17,-33.91,-24.92,-27.79,-88.59,0.43,3.41,3.38,3.41,option_379.png
25,25,0,0.45,0.53,2.5,1,1,16.04,18.4,28.3,1.52,-13.67,-6.41,2.39,2.01,4.26,11.27,11.95,13.37,option_380.png
35,25,0,0.45,0.53,2.5,1,1,18.14,19.46,39.5,2.11,-2.37,-1.02,42.91,41.61,6.91,14.42,13.49,15.51,option_381.png
45,25,0,0.45,0.53,2.5,1,1,20.32,22.13,48.3,2.73,9.36,12.56,74.75,83.22,10.97,16.95,16.45,18.84,option_382.png
25,35,0,0.45,0.53,2.5,1,1,16.15,18.58,29.52,1.58,-13.08,-5.49,6.80,6.04,4.44,11.13,11.62,13.79,option_383.png
35,35,0,0.45,0.53,2.5,1,1,18.29,21.69,40.52,2.16,-1.56,10.33,46.60,44.97,7.53,14.28,13.44,16.1,option_384.png
45,35,0,0.45,0.53,2.5,1,1,20.43,22.38,49.29,2.78,9.96,13.84,78.33,86.58,11.66,17.05,16.46,19.61,option_385.png
25,45,0,0.45,0.53,2.5,1,1,16.4,18.85,30.7,1.63,-11.73,-4.12,11.07,9.40,4.89,11.45,11.7,14.22,option_386.png
35,45,0,0.45,0.53,2.5,1,1,18.5,20.82,41.42,2.21,-0.43,5.90,49.86,48.32,8.14,14.81,13.79,16.96,option_387.png
45,45,0,0.45,0.53,2.5,1,1,21.36,23.4,49.87,2.84,14.96,19.02,80.43,90.60,12.39,17.29,16.23,20.53,option_388.png
25,25,1,0.45,0.53,2.5,1,1,14.23,18.54,20.59,0.77,-23.41,-5.70,-25.51,-48.32,2.97,8.81,9.14,10.73,option_389.png
35,25,1,0.45,0.53,2.5,1,1,15.63,17.89,31.58,0.94,-15.88,-9.00,14.25,-36.91,4.06,9.98,9.91,11.26,option_392.png
45,25,1,0.45,0.53,2.5,1,1,16.81,22.17,40.62,1.13,-9.53,12.77,46.96,-24.16,5.5,9.92,10.62,11.52,option_393.png
25,35,1,0.45,0.53,2.5,1,1,14.41,18.11,22.28,0.82,-22.44,-7.88,-19.39,-44.97,3.3,8.92,9.22,11,option_394.png
35,35,1,0.45,0.53,2.5,1,1,15.69,18.08,32.88,0.99,-15.55,-8.04,18.96,-33.56,4.26,9.98,9.62,11.43,option_395.png
45,35,1,0.45,0.53,2.5,1,1,16.77,22.62,41.82,1.18,-9.74,15.06,51.30,-20.81,5.98,9.68,10.39,11.71,option_396.png
25,45,1,0.45,0.53,2.5,1,1,14.65,17.85,23.54,0.87,-21.15,-9.21,-14.83,-41.61,3.5,9.03,9.47,11.06,option_397.png
35,45,1,0.45,0.53,2.5,1,1,15.77,18.28,33.98,1.05,-15.12,-7.02,22.94,-29.53,4.61,10.01,9.6,11.62,option_398.png
45,45,1,0.45,0.53,2.5,1,1,17.02,20.49,42.73,1.23,-8.40,4.22,54.59,-17.45,6.46,10.46,10.74,12.23,option_399.png
25,25,2,0.45,0.53,2.5,1,1,11.17,14.84,12.9,0.19,-39.88,-24.52,-53.33,-87.25,0.31,4.25,4.37,4.35,option_400.png
35,25,2,0.45,0.53,2.5,1,1,11.97,15.02,18.25,0.28,-35.58,-23.60,-33.97,-81.21,0.42,4.13,4.14,4.19,option_401.png
45,25,2,0.45,0.53,2.5,1,1,12.51,14.28,23.26,0.38,-32.67,-27.37,-15.85,-74.50,0.5,4.69,4.14,4.81,option_402.png
25,35,2,0.45,0.53,2.5,1,1,11.18,15.76,13.69,0.2,-39.83,-19.84,-50.47,-86.58,0.34,4.18,4.2,4.26,option_403.png
35,35,2,0.45,0.53,2.5,1,1,11.69,14.77,18.99,0.29,-37.08,-24.87,-31.30,-80.54,0.43,3.86,3.92,4.6,option_404.png
45,35,2,0.45,0.53,2.5,1,1,12.84,14.58,24.1,0.39,-30.89,-25.84,-12.81,-73.83,0.51,4.63,4.11,4.68,option_405.png
25,45,2,0.45,0.53,2.5,1,1,11.2,14.8,14.41,0.21,-39.72,-24.72,-47.87,-85.91,0.39,4.17,4.12,4.13,option_406.png
35,45,2,0.45,0.53,2.5,1,1,12.41,14.78,19.79,0.29,-33.21,-24.82,-28.40,-80.54,0.45,3.89,4.04,4.01,option_407.png
45,45,2,0.45,0.53,2.5,1,1,13.18,13.52,24.71,0.4,-29.06,-31.23,-10.60,-73.15,0.55,4.38,4.05,4.45,option_408.png
25,25,0,0.25,0.33,3.5,1,1,12.62,18.57,13.73,0.9,-32.08,-5.54,-50.33,-39.60,0.97,5.71,5.91,6.74,option_409.png
35,25,0,0.25,0.33,3.5,1,1,13.88,18.66,21.75,1.26,-25.30,-5.09,-21.31,-15.44,1.78,6.68,6.34,7.58,option_410.png
45,25,0,0.25,0.33,3.5,1,1,14.74,21.48,30.01,1.64,-20.67,9.26,8.57,10.07,2.63,5.72,6.44,7.76,option_411.png
25,35,0,0.25,0.33,3.5,1,1,12.41,18.44,15.12,0.93,-33.21,-6.21,-45.30,-37.58,1.07,5.3,5.57,5.96,option_412.png
35,35,0,0.25,0.33,3.5,1,1,13.82,18.69,23.03,1.29,-25.62,-4.93,-16.68,-13.42,1.8,6.53,5.92,7.56,option_413.png
45,35,0,0.25,0.33,3.5,1,1,14.91,20.03,30.98,1.66,-19.75,1.88,12.08,11.41,2.67,5.53,6.31,7.69,option_414.png
25,45,0,0.25,0.33,3.5,1,1,12.55,18.92,16.21,0.97,-32.45,-3.76,-41.35,-34.90,1.13,5.15,5.5,5.8,option_415.png
35,45,0,0.25,0.33,3.5,1,1,13.68,17.69,23.95,1.32,-26.37,-10.02,-13.35,-11.41,1.87,6.19,5.74,7.31,option_416.png
45,45,0,0.25,0.33,3.5,1,1,14.97,20.07,31.8,1.7,-19.43,2.09,15.05,14.09,2.72,5.26,5.95,7.21,option_417.png
25,25,1,0.25,0.33,3.5,1,1,11.44,16.44,8.01,0.39,-38.43,-16.38,-71.02,-73.83,0.68,4.2,4.22,5.3,option_418.png
35,25,1,0.25,0.33,3.5,1,1,12.22,19.22,13.15,0.47,-34.23,-2.24,-52.42,-68.46,1.12,4.01,4.36,4.24,option_419.png
45,25,1,0.25,0.33,3.5,1,1,13.65,16.6,20.46,0.55,-26.53,-15.56,-25.98,-63.09,1.47,4.51,4.62,5.05,option_420.png
25,35,1,0.25,0.33,3.5,1,1,11.64,15.96,9.43,0.41,-37.35,-18.82,-65.88,-72.48,0.79,4.14,4.01,5.4,option_421.png
35,35,1,0.25,0.33,3.5,1,1,12.4,17.33,14.67,0.48,-33.26,-11.85,-46.92,-67.79,1.16,4.02,4.34,4.28,option_422.png
45,35,1,0.25,0.33,3.5,1,1,13.59,18.26,21.84,0.58,-26.86,-7.12,-20.98,-61.07,1.52,4.3,4.46,5.02,option_423.png
25,45,1,0.25,0.33,3.5,1,1,11.62,15.4,10.79,0.44,-37.46,-21.67,-60.96,-70.47,0.81,3.94,4,5.56,option_424.png
35,45,1,0.25,0.33,3.5,1,1,12.5,19.36,15.87,0.52,-32.72,-1.53,-42.58,-65.10,1.22,3.96,4.29,4.2,option_425.png
45,45,1,0.25,0.33,3.5,1,1,13.76,19.08,22.95,0.61,-25.94,-2.95,-16.97,-59.06,1.58,4.2,4.45,4.69,option_426.png
25,25,2,0.25,0.33,3.5,1,1,10.41,14.22,7.11,0.07,-43.97,-27.67,-74.28,-95.30,0.17,2.96,2.92,3.09,option_427.png
35,25,2,0.25,0.33,3.5,1,1,11.03,14.98,10.32,0.08,-40.64,-23.80,-62.66,-94.63,0.33,2.61,2.84,2.66,option_428.png
45,25,2,0.25,0.33,3.5,1,1,12.39,15.72,13.67,0.1,-33.32,-20.04,-50.54,-93.29,0.4,2.53,2.79,2.55,option_429.png
25,35,2,0.25,0.33,3.5,1,1,10.44,13.99,7.64,0.07,-43.81,-28.84,-72.36,-95.30,0.23,2.91,2.84,2.96,option_430.png
35,35,2,0.25,0.33,3.5,1,1,11.09,15.05,10.88,0.09,-40.31,-23.45,-60.64,-93.96,0.33,2.5,2.71,2.61,option_431.png
45,35,2,0.25,0.33,3.5,1,1,12.08,13.75,14.22,0.11,-34.98,-30.06,-48.55,-92.62,0.37,2.4,2.6,2.42,option_432.png
25,45,2,0.25,0.33,3.5,1,1,10.52,15.51,8.09,0.07,-43.38,-21.11,-70.73,-95.30,0.27,2.8,2.81,2.85,option_433.png
35,45,2,0.25,0.33,3.5,1,1,11.2,15.11,11.43,0.09,-39.72,-23.14,-58.65,-93.96,0.34,2.53,2.71,2.56,option_434.png
45,45,2,0.25,0.33,3.5,1,1,12.21,15.31,14.76,0.11,-34.28,-22.13,-46.60,-92.62,0.38,2.36,2.48,2.43,option_435.png
25,25,0,0.35,0.43,3.5,1,1,14.06,17.78,20.93,1.26,-24.33,-9.56,-24.28,-15.44,2.39,8.29,8.62,9.65,option_436.png
35,25,0,0.35,0.43,3.5,1,1,15.25,20.55,31.54,1.76,-17.92,4.53,14.11,18.12,3.68,9.44,8.82,10.15,option_437.png
45,25,0,0.35,0.43,3.5,1,1,17.19,20.31,40.14,2.27,-7.48,3.31,45.22,52.35,5.3,10.09,9.65,10.3,option_438.png
25,35,0,0.35,0.43,3.5,1,1,14.06,17.84,22.24,1.31,-24.33,-9.26,-19.54,-12.08,2.41,7.99,8.4,9.69,option_439.png
35,35,0,0.35,0.43,3.5,1,1,15.21,21.69,32.59,1.8,-18.14,10.33,17.91,20.81,3.95,8.57,8.12,9.75,option_440.png
45,35,0,0.35,0.43,3.5,1,1,17.13,22.71,40.93,2.32,-7.80,15.51,48.08,55.70,5.61,10.31,9.74,10.84,option_441.png
25,45,0,0.35,0.43,3.5,1,1,14.09,18.42,23.36,1.35,-24.17,-6.31,-15.48,-9.40,2.47,7.11,7.73,9.58,option_442.png
35,45,0,0.35,0.43,3.5,1,1,15.57,19.86,33.45,1.85,-16.20,1.02,21.02,24.16,4.24,8.42,8.23,10.43,option_443.png
45,45,0,0.35,0.43,3.5,1,1,17.47,23.07,41.81,2.36,-5.97,17.34,51.27,58.39,5.98,9.93,9.42,10.96,option_444.png
25,25,1,0.35,0.43,3.5,1,1,12.56,19.31,13.51,0.61,-32.40,-1.78,-51.12,-59.06,1.47,5.89,6.06,6.58,option_445.png
35,25,1,0.35,0.43,3.5,1,1,14.32,17.84,22.77,0.74,-22.93,-9.26,-17.62,-50.34,2.23,6.96,6.62,7.92,option_446.png
45,25,1,0.35,0.43,3.5,1,1,14.64,21.36,31.77,0.88,-21.21,8.65,14.94,-40.94,2.92,5.99,6.5,7.79,option_447.png
25,35,1,0.35,0.43,3.5,1,1,12.58,19.42,15.12,0.64,-32.29,-1.22,-45.30,-57.05,1.66,5.89,6.05,6.64,option_448.png
35,35,1,0.35,0.43,3.5,1,1,13.76,17.69,24.3,0.78,-25.94,-10.02,-12.08,-47.65,2.23,6.7,6.48,7.8,option_449.png
45,35,1,0.35,0.43,3.5,1,1,15.12,21.22,32.76,0.92,-18.62,7.93,18.52,-38.26,3.13,5.51,6.44,7.29,option_450.png
25,45,1,0.35,0.43,3.5,1,1,12.83,18.48,16.5,0.68,-30.95,-6.00,-40.30,-54.36,1.74,5.74,5.83,7.84,option_451.png
35,45,1,0.35,0.43,3.5,1,1,13.83,17.73,25.42,0.82,-25.57,-9.82,-8.03,-44.97,2.28,6.44,6.21,7.6,option_452.png
45,45,1,0.35,0.43,3.5,1,1,14.89,21.51,33.7,0.97,-19.86,9.41,21.92,-34.90,3.37,5.37,6.31,7.21,option_453.png
25,25,2,0.35,0.43,3.5,1,1,10.9,14.96,10.05,0.1,-41.33,-23.91,-63.64,-93.29,0.29,3.46,3.52,3.47,option_454.png
35,25,2,0.35,0.43,3.5,1,1,11.24,15.64,14.32,0.13,-39.50,-20.45,-48.19,-91.28,0.41,3.08,3.16,3.13,option_455.png
45,25,2,0.35,0.43,3.5,1,1,12.47,15.27,18.53,0.17,-32.88,-22.33,-32.96,-88.59,0.45,2.93,3.14,2.95,option_456.png
25,35,2,0.35,0.43,3.5,1,1,10.76,14.9,10.68,0.1,-42.09,-24.21,-61.36,-93.29,0.32,3.16,3.31,3.17,option_457.png
35,35,2,0.35,0.43,3.5,1,1,11.26,15.44,15.05,0.13,-39.40,-21.46,-45.55,-91.28,0.41,3.01,3.12,3.03,option_458.png
45,35,2,0.35,0.43,3.5,1,1,12.2,15.62,19.37,0.17,-34.34,-20.55,-29.92,-88.59,0.46,2.79,3.07,2.85,option_459.png
25,45,2,0.35,0.43,3.5,1,1,10.82,14.25,11.33,0.1,-41.77,-27.52,-59.01,-93.29,0.34,3.14,3.2,3.17,option_460.png
35,45,2,0.35,0.43,3.5,1,1,11.44,15.32,15.68,0.14,-38.43,-22.08,-43.27,-90.60,0.42,3.03,3.13,3.05,option_461.png
45,45,2,0.35,0.43,3.5,1,1,12.53,15.52,19.99,0.17,-32.56,-21.06,-27.68,-88.59,0.47,2.89,3.04,2.95,option_462.png
25,25,0,0.45,0.53,3.5,1,1,15.48,18.74,28.26,1.52,-16.68,-4.68,2.24,2.01,3.78,10.13,10.15,12.11,option_463.png
35,25,0,0.45,0.53,3.5,1,1,17.12,22.81,39.56,2.11,-7.86,16.02,43.13,41.61,6.19,11.54,11.37,13.78,option_464.png
45,25,0,0.45,0.53,3.5,1,1,19.39,23.39,48.24,2.73,4.36,18.97,74.53,83.22,9.43,14.43,14.28,16.18,option_465.png
25,35,0,0.45,0.53,3.5,1,1,15.6,19.06,29.64,1.58,-16.04,-3.05,7.24,6.04,4.05,9.76,10.06,12.39,option_466.png
35,35,0,0.45,0.53,3.5,1,1,17.2,22.74,40.57,2.16,-7.43,15.67,46.78,44.97,6.68,11.62,11.46,13.9,option_467.png
45,35,0,0.45,0.53,3.5,1,1,20.45,23.47,49.27,2.78,10.06,19.38,78.26,86.58,9.94,15.32,14.04,17.42,option_468.png
25,45,0,0.45,0.53,3.5,1,1,15.64,19.09,30.74,1.63,-15.82,-2.90,11.22,9.40,4.39,9.7,10,12.23,option_469.png
35,45,0,0.45,0.53,3.5,1,1,17.41,22.3,41.39,2.22,-6.30,13.43,49.75,48.99,7.17,11.86,11.4,13.05,option_470.png
45,45,0,0.45,0.53,3.5,1,1,19.64,24.08,49.94,2.84,5.71,22.48,80.68,90.60,10.57,14.65,13.98,17.61,option_471.png
25,25,1,0.45,0.53,3.5,1,1,13.83,17.21,20.64,0.77,-25.57,-12.46,-25.33,-48.32,2.52,7.92,8.84,9.58,option_472.png
35,25,1,0.45,0.53,3.5,1,1,14.84,18.66,31.61,0.94,-20.13,-5.09,14.36,-36.91,3.72,8.6,8.63,9.39,option_473.png
45,25,1,0.45,0.53,3.5,1,1,16.29,21.48,40.66,1.13,-12.33,9.26,47.11,-24.16,5.01,9.01,9.42,9.57,option_474.png
25,35,1,0.45,0.53,3.5,1,1,13.91,17.66,22.21,0.81,-25.13,-10.17,-19.65,-45.64,2.74,8,8.65,9.62,option_475.png
35,35,1,0.45,0.53,3.5,1,1,14.87,20.39,32.98,1,-19.97,3.71,19.32,-32.89,3.97,8.6,8.2,9.61,option_476.png
45,35,1,0.45,0.53,3.5,1,1,16.36,21.76,41.79,1.17,-11.95,10.68,51.19,-21.48,5.42,8.9,9.29,9.87,option_477.png
25,45,1,0.45,0.53,3.5,1,1,14.01,18.2,23.5,0.87,-24.60,-7.43,-14.98,-41.61,3.04,7.42,8.18,9.65,option_478.png
35,45,1,0.45,0.53,3.5,1,1,15.09,21.4,33.98,1.05,-18.78,8.85,22.94,-29.53,4.28,8.09,8.23,9.83,option_479.png
45,45,1,0.45,0.53,3.5,1,1,16.22,22.37,42.61,1.23,-12.70,13.78,54.16,-17.45,5.9,8.79,8.6,9.91,option_480.png
25,25,2,0.45,0.53,3.5,1,1,11.17,15.21,12.88,0.19,-39.88,-22.63,-53.40,-87.25,0.39,3.93,3.85,4.05,option_481.png
35,25,2,0.45,0.53,3.5,1,1,11.45,16.01,18.22,0.29,-38.37,-18.57,-34.08,-80.54,0.45,3.29,3.58,3.36,option_482.png
45,25,2,0.45,0.53,3.5,1,1,12.35,14.65,23.26,0.38,-33.53,-25.48,-15.85,-74.50,0.56,3.95,3.53,4.03,option_483.png
25,35,2,0.45,0.53,3.5,1,1,11.19,14.56,13.76,0.2,-39.77,-25.94,-50.22,-86.58,0.4,3.85,3.87,3.86,option_484.png
35,35,2,0.45,0.53,3.5,1,1,11.53,14.92,18.99,0.29,-37.94,-24.11,-31.30,-80.54,0.48,3.39,3.52,3.87,option_485.png
45,35,2,0.45,0.53,3.5,1,1,12.54,15.2,24.03,0.39,-32.51,-22.69,-13.06,-73.83,0.61,3.49,3.49,3.56,option_486.png
25,45,2,0.45,0.53,3.5,1,1,11.17,14.61,14.55,0.21,-39.88,-25.69,-47.36,-85.91,0.41,3.5,3.6,3.64,option_487.png
35,45,2,0.45,0.53,3.5,1,1,11.72,15.68,19.67,0.29,-36.92,-20.24,-28.84,-80.54,0.51,3.26,3.45,3.29,option_488.png
45,45,2,0.45,0.53,3.5,1,1,12.64,15,24.75,0.4,-31.97,-23.70,-10.46,-73.15,0.64,3.55,3.6,3.39,option_489.png
25,25,0,0.25,0.33,2.5,2.8,1,13.23,19.11,13.68,0.9,-28.79,-2.80,-50.51,-39.60,2.5,7.41,6.94,8.64,option_490.png
35,25,0,0.25,0.33,2.5,2.8,1,14.49,18.95,21.82,1.26,-22.01,-3.61,-21.06,-15.44,3.06,8.41,7.65,9.06,option_491.png
45,25,0,0.25,0.33,2.5,2.8,1,16.42,18.56,30.02,1.63,-11.63,-5.60,8.61,9.40,3.87,8.48,7.73,9.38,option_492.png
25,35,0,0.25,0.33,2.5,2.8,1,13.22,19.06,15.09,0.94,-28.85,-3.05,-45.41,-36.91,2.57,7.13,6.78,8.84,option_493.png
35,35,0,0.25,0.33,2.5,2.8,1,14.37,17.99,23.01,1.29,-22.66,-8.49,-16.75,-13.42,3.12,8.31,7.49,9.02,option_494.png
45,35,0,0.25,0.33,2.5,2.8,1,15.99,20.42,31.02,1.66,-13.94,3.87,12.23,11.41,4.02,8.66,7.64,9.44,option_495.png
25,45,0,0.25,0.33,2.5,2.8,1,13.4,19.23,16.25,0.96,-27.88,-2.19,-41.21,-35.57,2.58,7.49,6.91,8.81,option_496.png
35,45,0,0.25,0.33,2.5,2.8,1,14.64,19.16,23.96,1.32,-21.21,-2.54,-13.31,-11.41,3.18,8.36,7.39,9.17,option_497.png
45,45,0,0.25,0.33,2.5,2.8,1,15.72,20.7,31.86,1.7,-15.39,5.29,15.27,14.09,4.08,8.77,7.81,9.55,option_498.png
25,25,1,0.25,0.33,2.5,2.8,1,12.4,19.07,8.01,0.39,-33.26,-3.00,-71.02,-73.83,1.79,6.51,6.05,7.21,option_499.png
35,25,1,0.25,0.33,2.5,2.8,1,13.24,16.94,13.16,0.46,-28.74,-13.84,-52.39,-69.13,2.18,6.62,6.02,7.64,option_500.png
45,25,1,0.25,0.33,2.5,2.8,1,14.04,16.93,20.54,0.56,-24.43,-13.89,-25.69,-62.42,2.48,6.07,6.02,7.33,option_501.png
25,35,1,0.25,0.33,2.5,2.8,1,12.16,19.22,9.49,0.41,-34.55,-2.24,-65.67,-72.48,1.78,5.61,5.62,6.34,option_502.png
35,35,1,0.25,0.33,2.5,2.8,1,13.33,17.74,14.62,0.49,-28.26,-9.77,-47.11,-67.11,2.18,6.54,5.82,7.68,option_503.png
45,35,1,0.25,0.33,2.5,2.8,1,14.36,16.55,21.79,0.58,-22.71,-15.82,-21.16,-61.07,2.51,5.99,5.94,7.15,option_504.png
25,45,1,0.25,0.33,2.5,2.8,1,12.53,18.8,10.76,0.44,-32.56,-4.37,-61.07,-70.47,1.84,5.83,5.57,6.72,option_505.png
35,45,1,0.25,0.33,2.5,2.8,1,13.51,18.02,15.92,0.52,-27.29,-8.34,-42.40,-65.10,2.21,6.51,5.89,7.49,option_506.png
45,45,1,0.25,0.33,2.5,2.8,1,14.42,19.12,22.99,0.61,-22.39,-2.75,-16.82,-59.06,2.55,5.99,5.98,6.92,option_507.png
25,25,2,0.25,0.33,2.5,2.8,1,11.18,15.02,7.13,0.06,-39.83,-23.60,-74.20,-95.97,0.89,4.9,4.39,5.46,option_508.png
35,25,2,0.25,0.33,2.5,2.8,1,11.55,14.46,10.33,0.08,-37.84,-26.45,-62.63,-94.63,0.83,3.81,3.97,4.7,option_509.png
45,25,2,0.25,0.33,2.5,2.8,1,12.73,14.5,13.65,0.1,-31.49,-26.25,-50.62,-93.29,0.8,4.1,3.62,4.35,option_510.png
25,35,2,0.25,0.33,2.5,2.8,1,11.08,14.93,7.63,0.07,-40.37,-24.06,-72.40,-95.30,0.86,4.46,4.21,5.14,option_511.png
35,35,2,0.25,0.33,2.5,2.8,1,11.65,15.13,10.94,0.09,-37.30,-23.04,-60.42,-93.96,0.82,3.66,3.81,4.54,option_512.png
45,35,2,0.25,0.33,2.5,2.8,1,12.28,14.65,14.21,0.11,-33.91,-25.48,-48.59,-92.62,0.8,4.12,3.45,4.21,option_513.png
25,45,2,0.25,0.33,2.5,2.8,1,11.16,15.42,8.16,0.07,-39.94,-21.57,-70.48,-95.30,0.82,4.29,3.89,5.14,option_514.png
35,45,2,0.25,0.33,2.5,2.8,1,11.66,14.97,11.39,0.09,-37.24,-23.86,-58.79,-93.96,0.81,3.61,3.68,4.19,option_515.png
45,45,2,0.25,0.33,2.5,2.8,1,12.45,14.3,14.74,0.11,-32.99,-27.26,-46.67,-92.62,0.78,3.65,3.45,3.56,option_516.png
25,25,0,0.35,0.43,2.5,2.8,1,14.42,17.88,20.94,1.27,-22.39,-9.05,-24.24,-14.77,3.73,9.17,9.39,10.84,option_517.png
35,25,0,0.35,0.43,2.5,2.8,1,15.77,20.72,31.45,1.76,-15.12,5.39,13.78,18.12,5.26,10.4,9.83,11.92,option_518.png
45,25,0,0.35,0.43,2.5,2.8,1,17.39,23.12,40.04,2.27,-6.40,17.60,44.86,52.35,6.88,11.61,11.37,12.55,option_519.png
25,35,0,0.35,0.43,2.5,2.8,1,14.54,18.2,22.26,1.31,-21.74,-7.43,-19.46,-12.08,3.81,8.9,9.28,10.91,option_520.png
35,35,0,0.35,0.43,2.5,2.8,1,15.8,21.01,32.58,1.8,-14.96,6.87,17.87,20.81,5.43,10.57,9.76,12.18,option_521.png
45,35,0,0.35,0.43,2.5,2.8,1,17.51,23.23,40.94,2.31,-5.76,18.16,48.12,55.03,7.18,11.7,11.52,12.72,option_522.png
25,45,0,0.35,0.43,2.5,2.8,1,14.62,18.59,23.38,1.35,-21.31,-5.44,-15.41,-9.40,4.04,9.06,9.22,11.1,option_523.png
35,45,0,0.35,0.43,2.5,2.8,1,15.98,19.7,33.49,1.85,-13.99,0.20,21.16,24.16,5.68,10.54,9.73,12.26,option_524.png
45,45,0,0.35,0.43,2.5,2.8,1,17.71,21.27,41.67,2.36,-4.68,8.19,50.76,58.39,7.45,11.94,11.58,13.85,option_525.png
25,25,1,0.35,0.43,2.5,2.8,1,13.3,19.01,13.46,0.61,-28.42,-3.31,-51.30,-59.06,2.79,7.69,7.55,9.08,option_526.png
35,25,1,0.35,0.43,2.5,2.8,1,14.19,18.12,22.93,0.74,-23.63,-7.83,-17.04,-50.34,3.48,8.42,7.98,9.04,option_527.png
45,25,1,0.35,0.43,2.5,2.8,1,15.3,20.14,31.69,0.88,-17.65,2.44,14.65,-40.94,4.29,8.55,8.34,9.24,option_528.png
25,35,1,0.35,0.43,2.5,2.8,1,13.19,19.1,15.17,0.65,-29.01,-2.85,-45.12,-56.38,2.95,7.32,7.02,8.96,option_529.png
35,35,1,0.35,0.43,2.5,2.8,1,14.21,19.54,24.4,0.78,-23.52,-0.61,-11.72,-47.65,3.61,8.3,7.69,8.96,option_530.png
45,35,1,0.35,0.43,2.5,2.8,1,15.47,20.62,32.8,0.92,-16.74,4.88,18.67,-38.26,4.36,8.46,8.37,9.11,option_531.png
25,45,1,0.35,0.43,2.5,2.8,1,13.29,19.15,16.55,0.69,-28.47,-2.59,-40.12,-53.69,3.08,7.59,7.12,9.34,option_532.png
35,45,1,0.35,0.43,2.5,2.8,1,14.43,19.44,25.44,0.82,-22.34,-1.12,-7.96,-44.97,3.72,8.32,7.71,9.42,option_533.png
45,45,1,0.35,0.43,2.5,2.8,1,15.5,21.02,33.83,0.97,-16.58,6.92,22.40,-34.90,4.6,8.48,7.93,9.34,option_534.png
25,25,2,0.35,0.43,2.5,2.8,1,11.5,15.18,10.04,0.1,-38.11,-22.79,-63.68,-93.29,1.07,5.3,4.82,6.04,option_535.png
35,25,2,0.35,0.43,2.5,2.8,1,11.9,13.91,14.35,0.13,-35.95,-29.25,-48.08,-91.28,0.99,4.62,4.47,5.27,option_536.png
45,25,2,0.35,0.43,2.5,2.8,1,12.62,14.96,18.64,0.17,-32.08,-23.91,-32.56,-88.59,0.91,4.69,4.03,4.71,option_537.png
25,35,2,0.35,0.43,2.5,2.8,1,11.51,15.63,10.77,0.1,-38.05,-20.50,-61.03,-93.29,1.06,4.99,4.7,5.89,option_538.png
35,35,2,0.35,0.43,2.5,2.8,1,11.81,14.15,15,0.13,-36.44,-28.03,-45.73,-91.28,0.97,4.36,4.26,5.16,option_539.png
45,35,2,0.35,0.43,2.5,2.8,1,12.78,14.68,19.31,0.17,-31.22,-25.33,-30.14,-88.59,0.9,4.44,3.96,4.53,option_540.png
25,45,2,0.35,0.43,2.5,2.8,1,11.46,15.66,11.38,0.1,-38.32,-20.35,-58.83,-93.29,1.02,4.89,4.49,5.7,option_541.png
35,45,2,0.35,0.43,2.5,2.8,1,12.18,14.7,15.71,0.14,-34.45,-25.23,-43.16,-90.60,0.97,4.41,4.26,5.08,option_542.png
45,45,2,0.35,0.43,2.5,2.8,1,12.97,14.45,19.95,0.17,-30.19,-26.50,-27.82,-88.59,0.94,4.24,4.16,4.46,option_543.png
25,25,0,0.45,0.53,2.5,2.8,1,15.89,18.72,28.27,1.52,-14.48,-4.78,2.28,2.01,5.32,11.35,11.18,13.37,option_544.png
35,25,0,0.45,0.53,2.5,2.8,1,17.57,23.17,39.52,2.11,-5.44,17.85,42.98,41.61,8.21,13.12,12.57,15.29,option_545.png
45,25,0,0.45,0.53,2.5,2.8,1,19.85,23.37,48.3,2.73,6.84,18.87,74.75,83.22,11.76,16.32,15.88,18.32,option_546.png
25,35,0,0.45,0.53,2.5,2.8,1,16.13,19.49,29.54,1.57,-13.19,-0.86,6.87,5.37,5.66,11.27,10.95,13.46,option_547.png
35,35,0,0.45,0.53,2.5,2.8,1,17.64,23.59,40.47,2.16,-5.06,19.99,46.42,44.97,8.56,12.65,12.41,15.49,option_548.png
45,35,0,0.45,0.53,2.5,2.8,1,19.94,23.98,49.18,2.78,7.32,21.97,77.93,86.58,12.52,16.4,15.76,18.97,option_549.png
25,45,0,0.45,0.53,2.5,2.8,1,16.14,19.52,30.59,1.63,-13.13,-0.71,10.67,9.40,6.04,11.19,11.14,13.61,option_550.png
35,45,0,0.45,0.53,2.5,2.8,1,18.13,20.92,41.45,2.22,-2.42,6.41,49.96,48.99,9.12,13.74,13.12,16.5,option_551.png
45,45,0,0.45,0.53,2.5,2.8,1,20.05,23.83,50.09,2.84,7.91,21.21,81.22,90.60,13.2,16.68,16.06,19.75,option_552.png
25,25,1,0.45,0.53,2.5,2.8,1,14.21,17.87,20.61,0.77,-23.52,-9.10,-25.43,-48.32,3.92,8.86,9.17,10.59,option_553.png
35,25,1,0.45,0.53,2.5,2.8,1,15.37,18.91,31.72,0.95,-17.28,-3.81,14.76,-36.24,5.03,9.65,9.38,11.26,option_554.png
45,25,1,0.45,0.53,2.5,2.8,1,16.65,21.74,40.69,1.13,-10.39,10.58,47.21,-24.16,6.44,10.25,10.59,11.36,option_555.png
25,35,1,0.45,0.53,2.5,2.8,1,14.21,18.04,22.35,0.82,-23.52,-8.24,-19.14,-44.97,4.11,8.44,9.19,10.66,option_556.png
35,35,1,0.45,0.53,2.5,2.8,1,15.41,19.52,33.05,0.99,-17.06,-0.71,19.57,-33.56,5.39,9.67,9.5,11.26,option_557.png
45,35,1,0.45,0.53,2.5,2.8,1,16.72,20.77,41.84,1.17,-10.01,5.65,51.37,-21.48,6.88,10.17,10.42,11.79,option_558.png
25,45,1,0.45,0.53,2.5,2.8,1,14.38,18.34,23.43,0.87,-22.60,-6.71,-15.23,-41.61,4.3,8.46,8.94,10.71,option_559.png
35,45,1,0.45,0.53,2.5,2.8,1,15.67,19.21,33.96,1.05,-15.66,-2.29,22.87,-29.53,5.75,9.82,9.33,11.44,option_560.png
45,45,1,0.45,0.53,2.5,2.8,1,16.92,21.77,42.65,1.22,-8.93,10.73,54.31,-18.12,7.26,9.57,10.47,11.93,option_561.png
25,25,2,0.45,0.53,2.5,2.8,1,11.9,14.81,12.93,0.19,-35.95,-24.67,-53.22,-87.25,1.24,5.53,5.25,6.43,option_562.png
35,25,2,0.45,0.53,2.5,2.8,1,12.31,13.78,18.12,0.28,-33.75,-29.91,-34.44,-81.21,1.24,4.97,4.79,5.61,option_563.png
45,25,2,0.45,0.53,2.5,2.8,1,13.1,17.05,23.25,0.38,-29.49,-13.28,-15.88,-74.50,1.31,4.45,4.55,5.42,option_564.png
25,35,2,0.45,0.53,2.5,2.8,1,11.96,14.55,13.87,0.2,-35.63,-25.99,-49.82,-86.58,1.24,5.47,5.1,6.37,option_565.png
35,35,2,0.45,0.53,2.5,2.8,1,12.11,14.73,19.01,0.29,-34.82,-25.08,-31.22,-80.54,1.26,4.82,4.59,5.76,option_566.png
45,35,2,0.45,0.53,2.5,2.8,1,13.03,17.54,24.07,0.39,-29.87,-10.78,-12.92,-73.83,1.31,4.46,4.66,5.19,option_567.png
25,45,2,0.45,0.53,2.5,2.8,1,12.01,14.59,14.47,0.21,-35.36,-25.79,-47.65,-85.91,1.24,5.47,5.09,6.39,option_568.png
35,45,2,0.45,0.53,2.5,2.8,1,12.61,14.63,19.72,0.29,-32.13,-25.58,-28.65,-80.54,1.26,5.42,4.82,5.32,option_569.png
45,45,2,0.45,0.53,2.5,2.8,1,13.37,18.08,24.69,0.4,-28.04,-8.04,-10.67,-73.15,1.31,4.58,4.57,5.06,option_570.png
25,25,0,0.25,0.33,3.5,2.8,1,12.92,19.23,13.7,0.9,-30.46,-2.19,-50.43,-39.60,2.25,6.1,6.08,8.11,option_571.png
35,25,0,0.25,0.33,3.5,2.8,1,14.1,19.54,21.83,1.25,-24.11,-0.61,-21.02,-16.11,2.79,7.24,6.31,8.29,option_572.png
45,25,0,0.25,0.33,3.5,2.8,1,15.44,20.53,29.89,1.63,-16.90,4.43,8.14,9.40,3.54,7.34,6.79,8.44,option_573.png
25,35,0,0.25,0.33,3.5,2.8,1,13.03,19.17,15.1,0.94,-29.87,-2.49,-45.37,-36.91,2.26,6.14,5.99,8.06,option_574.png
35,35,0,0.25,0.33,3.5,2.8,1,14.1,19.67,22.89,1.29,-24.11,0.05,-17.19,-13.42,2.87,6.76,6.29,7.95,option_575.png
45,35,0,0.25,0.33,3.5,2.8,1,15.39,21.31,31.03,1.66,-17.17,8.39,12.26,11.41,3.63,6.84,6.82,8.31,option_576.png
25,45,0,0.25,0.33,3.5,2.8,1,13.16,18.07,16.24,0.97,-29.17,-8.09,-41.24,-34.90,2.29,5.81,6.13,7.63,option_577.png
35,45,0,0.25,0.33,3.5,2.8,1,14.22,17.82,23.99,1.32,-23.47,-9.36,-13.21,-11.41,2.83,6.72,6.15,7.89,option_578.png
45,45,0,0.25,0.33,3.5,2.8,1,15.62,19.59,31.84,1.7,-15.93,-0.36,15.20,14.09,3.65,7,6.63,8.24,option_579.png
25,25,1,0.25,0.33,3.5,2.8,1,12.1,19.51,8.02,0.38,-34.88,-0.76,-70.98,-74.50,1.72,5.03,5.23,5.76,option_580.png
35,25,1,0.25,0.33,3.5,2.8,1,12.97,17.22,13.1,0.47,-30.19,-12.41,-52.60,-68.46,1.94,5.22,5.24,5.94,option_581.png
45,25,1,0.25,0.33,3.5,2.8,1,14.08,17.29,20.54,0.55,-24.22,-12.05,-25.69,-63.09,2.1,5.09,4.94,5.64,option_582.png
25,35,1,0.25,0.33,3.5,2.8,1,12.06,19.98,9.45,0.41,-35.09,1.63,-65.81,-72.48,1.71,4.82,4.98,5.48,option_583.png
35,35,1,0.25,0.33,3.5,2.8,1,13.08,18.22,14.68,0.49,-29.60,-7.32,-46.89,-67.11,1.94,4.81,5.01,5.9,option_584.png
45,35,1,0.25,0.33,3.5,2.8,1,14.14,18.87,21.89,0.58,-23.90,-4.02,-20.80,-61.07,2.1,5.07,4.86,5.66,option_585.png
25,45,1,0.25,0.33,3.5,2.8,1,12.23,20.01,10.72,0.44,-34.18,1.78,-61.22,-70.47,1.71,4.86,5,5.45,option_586.png
35,45,1,0.25,0.33,3.5,2.8,1,13.17,18.33,15.93,0.52,-29.12,-6.77,-42.37,-65.10,1.96,4.66,4.98,5.76,option_587.png
45,45,1,0.25,0.33,3.5,2.8,1,14.2,19.44,22.91,0.61,-23.57,-1.12,-17.11,-59.06,2.19,4.91,4.78,5.32,option_588.png
25,25,2,0.25,0.33,3.5,2.8,1,11.19,15.26,7.1,0.07,-39.77,-22.38,-74.31,-95.30,0.89,4.14,3.72,4.32,option_589.png
35,25,2,0.25,0.33,3.5,2.8,1,11.78,14,10.36,0.08,-36.60,-28.79,-62.52,-94.63,0.87,3.44,3.55,4.08,option_590.png
45,25,2,0.25,0.33,3.5,2.8,1,12.69,13.54,13.63,0.1,-31.70,-31.13,-50.69,-93.29,0.86,3.31,3.22,3.58,option_591.png
25,35,2,0.25,0.33,3.5,2.8,1,11.1,15.16,7.63,0.07,-40.26,-22.89,-72.40,-95.30,0.88,3.94,3.66,4.51,option_592.png
35,35,2,0.25,0.33,3.5,2.8,1,11.83,13.99,10.91,0.09,-36.33,-28.84,-60.53,-93.96,0.87,3.34,3.44,3.97,option_593.png
45,35,2,0.25,0.33,3.5,2.8,1,12.78,15.17,14.2,0.11,-31.22,-22.84,-48.63,-92.62,0.83,3.17,3.21,3.32,option_594.png
25,45,2,0.25,0.33,3.5,2.8,1,11.09,15.07,8.14,0.07,-40.31,-23.35,-70.55,-95.30,0.87,3.5,3.53,4.3,option_595.png
35,45,2,0.25,0.33,3.5,2.8,1,12.08,13.35,11.39,0.09,-34.98,-32.10,-58.79,-93.96,0.86,3.89,3.45,4.05,option_596.png
45,45,2,0.25,0.33,3.5,2.8,1,13.07,14.9,14.7,0.11,-29.66,-24.21,-46.82,-92.62,0.8,3.25,3.16,3.45,option_597.png
25,25,0,0.35,0.43,3.5,2.8,1,14.1,18.31,20.81,1.27,-24.11,-6.87,-24.71,-14.77,3.49,8.05,7.96,9.58,option_598.png
35,25,0,0.35,0.43,3.5,2.8,1,15.48,22.17,31.47,1.76,-16.68,12.77,13.86,18.12,4.85,9.02,8.85,10.3,option_599.png
45,25,0,0.35,0.43,3.5,2.8,1,17.12,23.35,40.08,2.27,-7.86,18.77,45.01,52.35,6.59,10.51,10.08,10.99,option_600.png
25,35,0,0.35,0.43,3.5,2.8,1,14.33,18.73,22.26,1.31,-22.87,-4.73,-19.46,-12.08,3.57,8.26,8.03,9.67,option_601.png
35,35,0,0.35,0.43,3.5,2.8,1,15.61,22.17,32.55,1.8,-15.98,12.77,17.76,20.81,5.09,8.95,8.84,10.29,option_602.png
45,35,0,0.35,0.43,3.5,2.8,1,17.15,23.44,40.9,2.32,-7.70,19.23,47.97,55.70,6.84,10.51,10.05,11.03,option_603.png
25,45,0,0.35,0.43,3.5,2.8,1,14.36,18.76,23.35,1.35,-22.71,-4.58,-15.52,-9.40,3.7,8.11,8,9.84,option_604.png
35,45,0,0.35,0.43,3.5,2.8,1,15.65,21.48,33.5,1.84,-15.77,9.26,21.20,23.49,5.3,9.47,8.56,10.63,option_605.png
45,45,0,0.35,0.43,3.5,2.8,1,17.28,22.73,41.72,2.37,-7.00,15.62,50.94,59.06,7.08,10.57,10.01,11.79,option_606.png
25,25,1,0.35,0.43,3.5,2.8,1,12.94,19,13.43,0.61,-30.36,-3.36,-51.41,-59.06,2.67,6.16,6.34,8.23,option_607.png
35,25,1,0.35,0.43,3.5,2.8,1,13.98,19.65,22.89,0.74,-24.76,-0.05,-17.19,-50.34,3.12,7.07,6.59,8.14,option_608.png
45,25,1,0.35,0.43,3.5,2.8,1,15.4,21.39,31.68,0.88,-17.12,8.80,14.62,-40.94,3.98,6.47,6.82,8.16,option_609.png
25,35,1,0.35,0.43,3.5,2.8,1,13.11,18,15.25,0.64,-29.44,-8.44,-44.83,-57.05,2.72,6.14,6.47,8.08,option_610.png
35,35,1,0.35,0.43,3.5,2.8,1,14.2,20.43,24.31,0.78,-23.57,3.92,-12.05,-47.65,3.33,6.16,6.47,8,option_611.png
45,35,1,0.35,0.43,3.5,2.8,1,15.45,22.18,32.81,0.92,-16.85,12.82,18.70,-38.26,4.18,6.15,6.82,8.03,option_612.png
25,45,1,0.35,0.43,3.5,2.8,1,13.28,18.5,16.55,0.68,-28.53,-5.90,-40.12,-54.36,2.85,6.22,6.42,7.98,option_613.png
35,45,1,0.35,0.43,3.5,2.8,1,14.33,19.49,25.48,0.82,-22.87,-0.86,-7.81,-44.97,3.45,6.94,6.53,8.15,option_614.png
45,45,1,0.35,0.43,3.5,2.8,1,15.28,21.65,33.76,0.96,-17.76,10.12,22.14,-35.57,4.34,6.77,6.74,7.96,option_615.png
25,25,2,0.35,0.43,3.5,2.8,1,11.43,15.31,10.05,0.1,-38.48,-22.13,-63.64,-93.29,1.03,4.87,4.41,5.4,option_616.png
35,25,2,0.35,0.43,3.5,2.8,1,11.95,15.19,14.37,0.13,-35.68,-22.74,-48.01,-91.28,0.97,3.77,3.71,4.66,option_617.png
45,25,2,0.35,0.43,3.5,2.8,1,12.95,13.54,18.64,0.17,-30.30,-31.13,-32.56,-88.59,0.94,3.93,3.74,4.27,option_618.png
25,35,2,0.35,0.43,3.5,2.8,1,11.39,15.17,10.71,0.1,-38.70,-22.84,-61.25,-93.29,1.02,4.27,4.14,5.11,option_619.png
35,35,2,0.35,0.43,3.5,2.8,1,12.03,14.38,15.07,0.13,-35.25,-26.86,-45.48,-91.28,0.95,3.77,3.71,4.43,option_620.png
45,35,2,0.35,0.43,3.5,2.8,1,13.1,13.76,19.28,0.17,-29.49,-30.01,-30.25,-88.59,0.95,3.61,3.49,3.77,option_621.png
25,45,2,0.35,0.43,3.5,2.8,1,11.41,15.81,11.34,0.1,-38.59,-19.58,-58.97,-93.29,0.98,4.26,3.88,4.83,option_622.png
35,45,2,0.35,0.43,3.5,2.8,1,12.25,13.81,15.66,0.14,-34.07,-29.76,-43.34,-90.60,0.94,4.26,3.71,4.38,option_623.png
45,45,2,0.35,0.43,3.5,2.8,1,13.23,13.95,19.91,0.17,-28.79,-29.04,-27.97,-88.59,0.95,3.6,3.55,3.79,option_624.png
25,25,0,0.45,0.53,3.5,2.8,1,15.3,18.64,28.26,1.52,-17.65,-5.19,2.24,2.01,5.11,9.86,9.89,11.71,option_625.png
35,25,0,0.45,0.53,3.5,2.8,1,17.02,23.21,39.45,2.11,-8.40,18.06,42.73,41.61,7.31,11.92,11.44,13.04,option_626.png
45,25,0,0.45,0.53,3.5,2.8,1,19.41,24.19,48.34,2.72,4.47,23.04,74.89,82.55,10.4,14.71,14.12,16.62,option_627.png
25,35,0,0.45,0.53,3.5,2.8,1,15.44,18.83,29.53,1.57,-16.90,-4.22,6.84,5.37,5.46,10.01,10.11,12.17,option_628.png
35,35,0,0.45,0.53,3.5,2.8,1,17.18,23.53,40.4,2.17,-7.53,19.68,46.16,45.64,7.75,12.13,11.45,13.24,option_629.png
45,35,0,0.45,0.53,3.5,2.8,1,19.43,24.42,49.22,2.78,4.57,24.21,78.08,86.58,10.95,14.53,13.98,16.87,option_630.png
25,45,0,0.45,0.53,3.5,2.8,1,15.64,19.65,30.72,1.63,-15.82,-0.05,11.14,9.40,5.72,10.07,10.09,12.37,option_631.png
35,45,0,0.45,0.53,3.5,2.8,1,17.33,22.34,41.36,2.22,-6.73,13.63,49.64,48.99,8.31,12.2,11.62,14.71,option_632.png
45,45,0,0.45,0.53,3.5,2.8,1,19.42,24.72,49.9,2.84,4.52,25.74,80.54,90.60,11.38,14.38,14.1,16.95,option_633.png
25,25,1,0.45,0.53,3.5,2.8,1,13.95,18.46,20.72,0.77,-24.92,-6.10,-25.04,-48.32,3.57,8.09,8.16,9.34,option_634.png
35,25,1,0.45,0.53,3.5,2.8,1,15.06,20.61,31.59,0.94,-18.95,4.83,14.29,-36.91,4.73,8.76,8.47,9.63,option_635.png
45,25,1,0.45,0.53,3.5,2.8,1,16.47,24.14,40.62,1.13,-11.36,22.79,46.96,-24.16,6.19,8.64,9.29,9.66,option_636.png
25,35,1,0.45,0.53,3.5,2.8,1,14.02,18.39,22.18,0.82,-24.54,-6.46,-19.75,-44.97,3.72,8.2,8.11,9.58,option_637.png
35,35,1,0.45,0.53,3.5,2.8,1,15.1,20.44,32.94,0.99,-18.73,3.97,19.18,-33.56,5.02,8.17,8.39,9.67,option_638.png
45,35,1,0.45,0.53,3.5,2.8,1,16.49,23.85,41.8,1.18,-11.25,21.31,51.23,-20.81,6.53,8.98,9.19,9.39,option_639.png
25,45,1,0.45,0.53,3.5,2.8,1,14.08,18.38,23.49,0.87,-24.22,-6.51,-15.01,-41.61,3.96,7.81,8.08,9.81,option_640.png
35,45,1,0.45,0.53,3.5,2.8,1,15.25,20.6,33.99,1.05,-17.92,4.78,22.97,-29.53,5.34,8.21,8.22,10.02,option_641.png
45,45,1,0.45,0.53,3.5,2.8,1,16.47,24.19,42.7,1.23,-11.36,23.04,54.49,-17.45,6.88,8.93,8.92,9.52,option_642.png
25,25,2,0.45,0.53,3.5,2.8,1,11.63,15.96,13,0.19,-37.41,-18.82,-52.97,-87.25,1.21,5.03,4.57,5.68,option_643.png
35,25,2,0.45,0.53,3.5,2.8,1,12.38,15.26,18.2,0.28,-33.37,-22.38,-34.15,-81.21,1.19,4.42,4.21,4.97,option_644.png
45,25,2,0.45,0.53,3.5,2.8,1,13.48,18.43,23.29,0.38,-27.45,-6.26,-15.74,-74.50,1.14,3.92,3.8,4.09,option_645.png
25,35,2,0.45,0.53,3.5,2.8,1,11.82,15.51,13.8,0.2,-36.38,-21.11,-50.07,-86.58,1.22,4.89,4.57,5.4,option_646.png
35,35,2,0.45,0.53,3.5,2.8,1,12.37,17.79,19.11,0.29,-33.42,-9.51,-30.86,-80.54,1.19,4.13,4.1,4.34,option_647.png
45,35,2,0.45,0.53,3.5,2.8,1,13.58,17.67,24.08,0.39,-26.91,-10.12,-12.88,-73.83,1.15,3.84,3.81,4.26,option_648.png
25,45,2,0.45,0.53,3.5,2.8,1,11.74,16.26,14.52,0.2,-36.81,-17.29,-47.47,-86.58,1.21,4.68,4.44,5.34,option_649.png
35,45,2,0.45,0.53,3.5,2.8,1,12.37,17.49,19.75,0.29,-33.42,-11.04,-28.55,-80.54,1.21,4.13,4.01,4.51,option_650.png
45,45,2,0.45,0.53,3.5,2.8,1,13.3,18.38,24.7,0.4,-28.42,-6.51,-10.64,-73.15,1.16,3.92,4,4.18,option_651.png
